Date,Category,Forecasted Amount,Actual Amount
2023-01-01,Coffee Sales,980,954
2023-01-01,Food Sales,646,703
2023-01-01,Ingredients Cost,457,447
2023-01-01,Labor,182,188
2023-01-01,Rent,384,375
2023-01-01,Utilities,489,534
2023-01-01,Marketing,125,125
2023-01-02,Coffee Sales,910,878
2023-01-02,Food Sales,418,399
2023-01-02,Ingredients Cost,349,352
2023-01-02,Labor,111,108
2023-01-02,Rent,424,392
2023-01-02,Utilities,118,119
2023-01-02,Marketing,395,429
2023-01-03,Coffee Sales,519,495
2023-01-03,Food Sales,743,669
2023-01-03,Ingredients Cost,306,317
2023-01-03,Labor,492,474
2023-01-03,Rent,490,452
2023-01-03,Utilities,332,316
2023-01-03,Marketing,343,364
2023-01-04,Coffee Sales,273,286
2023-01-04,Food Sales,605,568
2023-01-04,Ingredients Cost,398,374
2023-01-04,Labor,472,481
2023-01-04,Rent,194,203
2023-01-04,Utilities,218,211
2023-01-04,Marketing,422,409
2023-01-05,Coffee Sales,297,270
2023-01-05,Food Sales,546,543
2023-01-05,Ingredients Cost,405,393
2023-01-05,Labor,331,322
2023-01-05,Rent,209,221
2023-01-05,Utilities,122,109
2023-01-05,Marketing,265,246
2023-01-06,Coffee Sales,404,419
2023-01-06,Food Sales,583,601
2023-01-06,Ingredients Cost,442,418
2023-01-06,Labor,257,240
2023-01-06,Rent,210,193
2023-01-06,Utilities,485,526
2023-01-06,Marketing,300,271
2023-01-07,Coffee Sales,420,439
2023-01-07,Food Sales,327,334
2023-01-07,Ingredients Cost,479,475
2023-01-07,Labor,351,334
2023-01-07,Rent,281,261
2023-01-07,Utilities,141,154
2023-01-07,Marketing,497,529
2023-01-08,Coffee Sales,212,224
2023-01-08,Food Sales,428,395
2023-01-08,Ingredients Cost,279,264
2023-01-08,Labor,340,339
2023-01-08,Rent,184,189
2023-01-08,Utilities,301,328
2023-01-08,Marketing,489,525
2023-01-09,Coffee Sales,956,1000
2023-01-09,Food Sales,968,872
2023-01-09,Ingredients Cost,164,179
2023-01-09,Labor,417,454
2023-01-09,Rent,291,311
2023-01-09,Utilities,163,155
2023-01-09,Marketing,120,128
2023-01-10,Coffee Sales,700,642
2023-01-10,Food Sales,389,384
2023-01-10,Ingredients Cost,153,151
2023-01-10,Labor,148,156
2023-01-10,Rent,340,370
2023-01-10,Utilities,103,98
2023-01-10,Marketing,294,307
2023-01-11,Coffee Sales,452,444
2023-01-11,Food Sales,971,896
2023-01-11,Ingredients Cost,355,367
2023-01-11,Labor,500,529
2023-01-11,Rent,185,200
2023-01-11,Utilities,320,323
2023-01-11,Marketing,468,488
2023-01-12,Coffee Sales,945,972
2023-01-12,Food Sales,300,277
2023-01-12,Ingredients Cost,360,355
2023-01-12,Labor,412,392
2023-01-12,Rent,239,235
2023-01-12,Utilities,288,312
2023-01-12,Marketing,372,387
2023-01-13,Coffee Sales,549,510
2023-01-13,Food Sales,670,628
2023-01-13,Ingredients Cost,176,179
2023-01-13,Labor,303,314
2023-01-13,Rent,378,389
2023-01-13,Utilities,361,366
2023-01-13,Marketing,259,257
2023-01-14,Coffee Sales,564,560
2023-01-14,Food Sales,383,407
2023-01-14,Ingredients Cost,495,528
2023-01-14,Labor,126,122
2023-01-14,Rent,256,249
2023-01-14,Utilities,257,264
2023-01-14,Marketing,416,434
2023-01-15,Coffee Sales,769,796
2023-01-15,Food Sales,898,970
2023-01-15,Ingredients Cost,362,327
2023-01-15,Labor,313,286
2023-01-15,Rent,119,108
2023-01-15,Utilities,252,246
2023-01-15,Marketing,368,388
2023-01-16,Coffee Sales,734,700
2023-01-16,Food Sales,495,489
2023-01-16,Ingredients Cost,476,438
2023-01-16,Labor,272,291
2023-01-16,Rent,200,212
2023-01-16,Utilities,240,242
2023-01-16,Marketing,170,172
2023-01-17,Coffee Sales,714,707
2023-01-17,Food Sales,206,206
2023-01-17,Ingredients Cost,122,127
2023-01-17,Labor,303,324
2023-01-17,Rent,472,493
2023-01-17,Utilities,198,189
2023-01-17,Marketing,440,481
2023-01-18,Coffee Sales,596,540
2023-01-18,Food Sales,370,391
2023-01-18,Ingredients Cost,187,174
2023-01-18,Labor,350,362
2023-01-18,Rent,488,452
2023-01-18,Utilities,250,228
2023-01-18,Marketing,408,368
2023-01-19,Coffee Sales,252,245
2023-01-19,Food Sales,801,740
2023-01-19,Ingredients Cost,123,131
2023-01-19,Labor,441,404
2023-01-19,Rent,240,256
2023-01-19,Utilities,424,383
2023-01-19,Marketing,463,421
2023-01-20,Coffee Sales,800,779
2023-01-20,Food Sales,533,486
2023-01-20,Ingredients Cost,224,219
2023-01-20,Labor,423,427
2023-01-20,Rent,468,429
2023-01-20,Utilities,165,167
2023-01-20,Marketing,342,353
2023-01-21,Coffee Sales,790,743
2023-01-21,Food Sales,655,710
2023-01-21,Ingredients Cost,148,151
2023-01-21,Labor,303,303
2023-01-21,Rent,115,103
2023-01-21,Utilities,108,101
2023-01-21,Marketing,159,154
2023-01-22,Coffee Sales,778,811
2023-01-22,Food Sales,839,891
2023-01-22,Ingredients Cost,114,122
2023-01-22,Labor,145,142
2023-01-22,Rent,105,115
2023-01-22,Utilities,257,250
2023-01-22,Marketing,251,248
2023-01-23,Coffee Sales,710,695
2023-01-23,Food Sales,435,416
2023-01-23,Ingredients Cost,286,271
2023-01-23,Labor,152,149
2023-01-23,Rent,328,359
2023-01-23,Utilities,196,188
2023-01-23,Marketing,326,355
2023-01-24,Coffee Sales,313,286
2023-01-24,Food Sales,636,624
2023-01-24,Ingredients Cost,133,134
2023-01-24,Labor,230,221
2023-01-24,Rent,412,426
2023-01-24,Utilities,411,439
2023-01-24,Marketing,318,346
2023-01-25,Coffee Sales,560,578
2023-01-25,Food Sales,266,283
2023-01-25,Ingredients Cost,399,414
2023-01-25,Labor,224,238
2023-01-25,Rent,101,94
2023-01-25,Utilities,444,437
2023-01-25,Marketing,172,183
2023-01-26,Coffee Sales,741,749
2023-01-26,Food Sales,285,280
2023-01-26,Ingredients Cost,499,477
2023-01-26,Labor,252,252
2023-01-26,Rent,138,140
2023-01-26,Utilities,469,426
2023-01-26,Marketing,136,147
2023-01-27,Coffee Sales,734,791
2023-01-27,Food Sales,944,947
2023-01-27,Ingredients Cost,250,238
2023-01-27,Labor,125,121
2023-01-27,Rent,488,445
2023-01-27,Utilities,226,238
2023-01-27,Marketing,192,181
2023-01-28,Coffee Sales,532,548
2023-01-28,Food Sales,514,537
2023-01-28,Ingredients Cost,349,348
2023-01-28,Labor,482,513
2023-01-28,Rent,129,136
2023-01-28,Utilities,111,119
2023-01-28,Marketing,376,348
2023-01-29,Coffee Sales,897,849
2023-01-29,Food Sales,708,765
2023-01-29,Ingredients Cost,300,322
2023-01-29,Labor,388,361
2023-01-29,Rent,143,140
2023-01-29,Utilities,387,383
2023-01-29,Marketing,431,435
2023-01-30,Coffee Sales,486,502
2023-01-30,Food Sales,696,651
2023-01-30,Ingredients Cost,176,160
2023-01-30,Labor,278,278
2023-01-30,Rent,275,258
2023-01-30,Utilities,299,310
2023-01-30,Marketing,127,127
2023-01-31,Coffee Sales,985,1049
2023-01-31,Food Sales,402,421
2023-01-31,Ingredients Cost,329,346
2023-01-31,Labor,332,342
2023-01-31,Rent,272,298
2023-01-31,Utilities,361,376
2023-01-31,Marketing,194,211
2023-02-01,Coffee Sales,550,575
2023-02-01,Food Sales,597,652
2023-02-01,Ingredients Cost,406,398
2023-02-01,Labor,427,424
2023-02-01,Rent,192,174
2023-02-01,Utilities,307,285
2023-02-01,Marketing,132,120
2023-02-02,Coffee Sales,676,692
2023-02-02,Food Sales,379,341
2023-02-02,Ingredients Cost,171,185
2023-02-02,Labor,455,419
2023-02-02,Rent,157,154
2023-02-02,Utilities,494,453
2023-02-02,Marketing,459,446
2023-02-03,Coffee Sales,453,485
2023-02-03,Food Sales,392,420
2023-02-03,Ingredients Cost,204,208
2023-02-03,Labor,194,187
2023-02-03,Rent,103,107
2023-02-03,Utilities,353,364
2023-02-03,Marketing,368,380
2023-02-04,Coffee Sales,964,910
2023-02-04,Food Sales,242,218
2023-02-04,Ingredients Cost,445,449
2023-02-04,Labor,376,399
2023-02-04,Rent,449,474
2023-02-04,Utilities,125,113
2023-02-04,Marketing,269,244
2023-02-05,Coffee Sales,662,674
2023-02-05,Food Sales,653,713
2023-02-05,Ingredients Cost,189,183
2023-02-05,Labor,100,96
2023-02-05,Rent,394,431
2023-02-05,Utilities,196,180
2023-02-05,Marketing,494,455
2023-02-06,Coffee Sales,604,593
2023-02-06,Food Sales,620,607
2023-02-06,Ingredients Cost,261,242
2023-02-06,Labor,277,250
2023-02-06,Rent,248,252
2023-02-06,Utilities,119,121
2023-02-06,Marketing,340,339
2023-02-07,Coffee Sales,224,214
2023-02-07,Food Sales,911,846
2023-02-07,Ingredients Cost,223,208
2023-02-07,Labor,408,399
2023-02-07,Rent,249,271
2023-02-07,Utilities,308,301
2023-02-07,Marketing,407,407
2023-02-08,Coffee Sales,453,495
2023-02-08,Food Sales,891,843
2023-02-08,Ingredients Cost,169,159
2023-02-08,Labor,435,442
2023-02-08,Rent,270,257
2023-02-08,Utilities,429,439
2023-02-08,Marketing,391,422
2023-02-09,Coffee Sales,278,303
2023-02-09,Food Sales,704,713
2023-02-09,Ingredients Cost,256,239
2023-02-09,Labor,327,325
2023-02-09,Rent,306,301
2023-02-09,Utilities,247,252
2023-02-09,Marketing,205,211
2023-02-10,Coffee Sales,234,213
2023-02-10,Food Sales,691,633
2023-02-10,Ingredients Cost,275,251
2023-02-10,Labor,374,393
2023-02-10,Rent,303,317
2023-02-10,Utilities,456,412
2023-02-10,Marketing,420,432
2023-02-11,Coffee Sales,983,1068
2023-02-11,Food Sales,277,274
2023-02-11,Ingredients Cost,345,379
2023-02-11,Labor,304,286
2023-02-11,Rent,332,321
2023-02-11,Utilities,397,416
2023-02-11,Marketing,348,326
2023-02-12,Coffee Sales,619,634
2023-02-12,Food Sales,361,366
2023-02-12,Ingredients Cost,195,181
2023-02-12,Labor,458,449
2023-02-12,Rent,372,351
2023-02-12,Utilities,181,196
2023-02-12,Marketing,291,267
2023-02-13,Coffee Sales,451,416
2023-02-13,Food Sales,367,356
2023-02-13,Ingredients Cost,194,175
2023-02-13,Labor,150,145
2023-02-13,Rent,210,220
2023-02-13,Utilities,454,468
2023-02-13,Marketing,166,180
2023-02-14,Coffee Sales,235,222
2023-02-14,Food Sales,294,294
2023-02-14,Ingredients Cost,419,425
2023-02-14,Labor,457,436
2023-02-14,Rent,191,192
2023-02-14,Utilities,210,215
2023-02-14,Marketing,307,298
2023-02-15,Coffee Sales,769,763
2023-02-15,Food Sales,984,990
2023-02-15,Ingredients Cost,328,314
2023-02-15,Labor,228,230
2023-02-15,Rent,386,353
2023-02-15,Utilities,401,417
2023-02-15,Marketing,486,499
2023-02-16,Coffee Sales,810,846
2023-02-16,Food Sales,825,828
2023-02-16,Ingredients Cost,118,123
2023-02-16,Labor,285,310
2023-02-16,Rent,343,370
2023-02-16,Utilities,126,130
2023-02-16,Marketing,319,324
2023-02-17,Coffee Sales,458,453
2023-02-17,Food Sales,983,888
2023-02-17,Ingredients Cost,157,157
2023-02-17,Labor,240,253
2023-02-17,Rent,410,440
2023-02-17,Utilities,262,244
2023-02-17,Marketing,442,442
2023-02-18,Coffee Sales,221,210
2023-02-18,Food Sales,675,709
2023-02-18,Ingredients Cost,244,241
2023-02-18,Labor,287,315
2023-02-18,Rent,338,329
2023-02-18,Utilities,352,377
2023-02-18,Marketing,232,219
2023-02-19,Coffee Sales,566,574
2023-02-19,Food Sales,720,706
2023-02-19,Ingredients Cost,301,273
2023-02-19,Labor,196,178
2023-02-19,Rent,142,130
2023-02-19,Utilities,265,250
2023-02-19,Marketing,283,257
2023-02-20,Coffee Sales,845,877
2023-02-20,Food Sales,275,282
2023-02-20,Ingredients Cost,343,309
2023-02-20,Labor,491,477
2023-02-20,Rent,319,301
2023-02-20,Utilities,390,379
2023-02-20,Marketing,435,415
2023-02-21,Coffee Sales,956,970
2023-02-21,Food Sales,889,976
2023-02-21,Ingredients Cost,427,440
2023-02-21,Labor,113,109
2023-02-21,Rent,494,521
2023-02-21,Utilities,370,346
2023-02-21,Marketing,309,330
2023-02-22,Coffee Sales,947,1031
2023-02-22,Food Sales,704,660
2023-02-22,Ingredients Cost,214,224
2023-02-22,Labor,186,203
2023-02-22,Rent,361,338
2023-02-22,Utilities,141,133
2023-02-22,Marketing,469,455
2023-02-23,Coffee Sales,887,924
2023-02-23,Food Sales,943,975
2023-02-23,Ingredients Cost,294,284
2023-02-23,Labor,200,184
2023-02-23,Rent,222,216
2023-02-23,Utilities,323,315
2023-02-23,Marketing,360,374
2023-02-24,Coffee Sales,570,537
2023-02-24,Food Sales,718,659
2023-02-24,Ingredients Cost,411,405
2023-02-24,Labor,154,157
2023-02-24,Rent,150,152
2023-02-24,Utilities,269,285
2023-02-24,Marketing,134,141
2023-02-25,Coffee Sales,834,822
2023-02-25,Food Sales,592,611
2023-02-25,Ingredients Cost,344,366
2023-02-25,Labor,471,425
2023-02-25,Rent,371,343
2023-02-25,Utilities,121,119
2023-02-25,Marketing,364,386
2023-02-26,Coffee Sales,382,405
2023-02-26,Food Sales,906,834
2023-02-26,Ingredients Cost,292,312
2023-02-26,Labor,280,257
2023-02-26,Rent,290,269
2023-02-26,Utilities,413,428
2023-02-26,Marketing,327,315
2023-02-27,Coffee Sales,414,426
2023-02-27,Food Sales,312,324
2023-02-27,Ingredients Cost,433,432
2023-02-27,Labor,295,294
2023-02-27,Rent,351,330
2023-02-27,Utilities,383,407
2023-02-27,Marketing,222,242
2023-02-28,Coffee Sales,661,649
2023-02-28,Food Sales,996,1074
2023-02-28,Ingredients Cost,484,452
2023-02-28,Labor,339,367
2023-02-28,Rent,368,362
2023-02-28,Utilities,420,425
2023-02-28,Marketing,479,503
2023-03-01,Coffee Sales,534,528
2023-03-01,Food Sales,328,345
2023-03-01,Ingredients Cost,416,387
2023-03-01,Labor,448,447
2023-03-01,Rent,157,145
2023-03-01,Utilities,205,193
2023-03-01,Marketing,251,269
2023-03-02,Coffee Sales,256,264
2023-03-02,Food Sales,590,545
2023-03-02,Ingredients Cost,239,244
2023-03-02,Labor,432,435
2023-03-02,Rent,216,230
2023-03-02,Utilities,294,267
2023-03-02,Marketing,411,409
2023-03-03,Coffee Sales,762,728
2023-03-03,Food Sales,923,915
2023-03-03,Ingredients Cost,245,258
2023-03-03,Labor,181,169
2023-03-03,Rent,314,301
2023-03-03,Utilities,344,338
2023-03-03,Marketing,133,139
2023-03-04,Coffee Sales,267,285
2023-03-04,Food Sales,330,329
2023-03-04,Ingredients Cost,320,346
2023-03-04,Labor,454,490
2023-03-04,Rent,450,425
2023-03-04,Utilities,345,373
2023-03-04,Marketing,191,188
2023-03-05,Coffee Sales,614,662
2023-03-05,Food Sales,389,408
2023-03-05,Ingredients Cost,342,322
2023-03-05,Labor,431,437
2023-03-05,Rent,225,241
2023-03-05,Utilities,380,344
2023-03-05,Marketing,210,226
2023-03-06,Coffee Sales,778,849
2023-03-06,Food Sales,338,356
2023-03-06,Ingredients Cost,277,275
2023-03-06,Labor,151,165
2023-03-06,Rent,315,316
2023-03-06,Utilities,484,526
2023-03-06,Marketing,469,468
2023-03-07,Coffee Sales,872,855
2023-03-07,Food Sales,464,438
2023-03-07,Ingredients Cost,218,217
2023-03-07,Labor,445,487
2023-03-07,Rent,225,245
2023-03-07,Utilities,169,181
2023-03-07,Marketing,224,204
2023-03-08,Coffee Sales,695,658
2023-03-08,Food Sales,623,678
2023-03-08,Ingredients Cost,320,321
2023-03-08,Labor,335,303
2023-03-08,Rent,408,414
2023-03-08,Utilities,401,387
2023-03-08,Marketing,492,526
2023-03-09,Coffee Sales,807,749
2023-03-09,Food Sales,307,323
2023-03-09,Ingredients Cost,398,404
2023-03-09,Labor,205,190
2023-03-09,Rent,363,384
2023-03-09,Utilities,151,158
2023-03-09,Marketing,107,110
2023-03-10,Coffee Sales,305,294
2023-03-10,Food Sales,809,838
2023-03-10,Ingredients Cost,183,193
2023-03-10,Labor,446,415
2023-03-10,Rent,376,399
2023-03-10,Utilities,272,246
2023-03-10,Marketing,499,509
2023-03-11,Coffee Sales,910,921
2023-03-11,Food Sales,378,359
2023-03-11,Ingredients Cost,231,232
2023-03-11,Labor,239,258
2023-03-11,Rent,290,262
2023-03-11,Utilities,329,322
2023-03-11,Marketing,103,98
2023-03-12,Coffee Sales,416,408
2023-03-12,Food Sales,938,965
2023-03-12,Ingredients Cost,469,501
2023-03-12,Labor,152,151
2023-03-12,Rent,269,261
2023-03-12,Utilities,357,331
2023-03-12,Marketing,425,402
2023-03-13,Coffee Sales,496,499
2023-03-13,Food Sales,693,738
2023-03-13,Ingredients Cost,416,405
2023-03-13,Labor,128,138
2023-03-13,Rent,222,233
2023-03-13,Utilities,214,193
2023-03-13,Marketing,206,189
2023-03-14,Coffee Sales,978,1066
2023-03-14,Food Sales,626,597
2023-03-14,Ingredients Cost,364,346
2023-03-14,Labor,170,184
2023-03-14,Rent,249,261
2023-03-14,Utilities,203,207
2023-03-14,Marketing,353,362
2023-03-15,Coffee Sales,522,559
2023-03-15,Food Sales,880,837
2023-03-15,Ingredients Cost,269,252
2023-03-15,Labor,411,418
2023-03-15,Rent,155,142
2023-03-15,Utilities,490,461
2023-03-15,Marketing,216,204
2023-03-16,Coffee Sales,741,774
2023-03-16,Food Sales,233,241
2023-03-16,Ingredients Cost,161,175
2023-03-16,Labor,286,313
2023-03-16,Rent,365,348
2023-03-16,Utilities,242,250
2023-03-16,Marketing,106,99
2023-03-17,Coffee Sales,241,263
2023-03-17,Food Sales,958,1027
2023-03-17,Ingredients Cost,200,195
2023-03-17,Labor,414,449
2023-03-17,Rent,201,206
2023-03-17,Utilities,290,265
2023-03-17,Marketing,146,155
2023-03-18,Coffee Sales,464,425
2023-03-18,Food Sales,637,696
2023-03-18,Ingredients Cost,328,346
2023-03-18,Labor,198,215
2023-03-18,Rent,214,203
2023-03-18,Utilities,161,154
2023-03-18,Marketing,371,388
2023-03-19,Coffee Sales,842,773
2023-03-19,Food Sales,358,365
2023-03-19,Ingredients Cost,308,288
2023-03-19,Labor,179,178
2023-03-19,Rent,103,110
2023-03-19,Utilities,213,213
2023-03-19,Marketing,408,403
2023-03-20,Coffee Sales,347,380
2023-03-20,Food Sales,751,695
2023-03-20,Ingredients Cost,154,151
2023-03-20,Labor,128,133
2023-03-20,Rent,397,418
2023-03-20,Utilities,258,233
2023-03-20,Marketing,168,182
2023-03-21,Coffee Sales,241,254
2023-03-21,Food Sales,712,677
2023-03-21,Ingredients Cost,484,512
2023-03-21,Labor,469,499
2023-03-21,Rent,188,197
2023-03-21,Utilities,362,385
2023-03-21,Marketing,431,407
2023-03-22,Coffee Sales,821,852
2023-03-22,Food Sales,918,995
2023-03-22,Ingredients Cost,181,189
2023-03-22,Labor,357,332
2023-03-22,Rent,373,356
2023-03-22,Utilities,152,141
2023-03-22,Marketing,225,244
2023-03-23,Coffee Sales,974,1050
2023-03-23,Food Sales,867,810
2023-03-23,Ingredients Cost,458,434
2023-03-23,Labor,151,152
2023-03-23,Rent,453,442
2023-03-23,Utilities,156,162
2023-03-23,Marketing,242,229
2023-03-24,Coffee Sales,254,245
2023-03-24,Food Sales,871,945
2023-03-24,Ingredients Cost,391,415
2023-03-24,Labor,405,426
2023-03-24,Rent,486,488
2023-03-24,Utilities,192,208
2023-03-24,Marketing,251,242
2023-03-25,Coffee Sales,515,553
2023-03-25,Food Sales,388,355
2023-03-25,Ingredients Cost,178,174
2023-03-25,Labor,308,305
2023-03-25,Rent,306,334
2023-03-25,Utilities,357,326
2023-03-25,Marketing,199,184
2023-03-26,Coffee Sales,586,562
2023-03-26,Food Sales,666,692
2023-03-26,Ingredients Cost,391,384
2023-03-26,Labor,253,229
2023-03-26,Rent,416,436
2023-03-26,Utilities,221,205
2023-03-26,Marketing,105,109
2023-03-27,Coffee Sales,235,222
2023-03-27,Food Sales,432,455
2023-03-27,Ingredients Cost,146,151
2023-03-27,Labor,352,386
2023-03-27,Rent,461,442
2023-03-27,Utilities,124,136
2023-03-27,Marketing,338,344
2023-03-28,Coffee Sales,951,1006
2023-03-28,Food Sales,779,798
2023-03-28,Ingredients Cost,413,397
2023-03-28,Labor,473,467
2023-03-28,Rent,261,237
2023-03-28,Utilities,401,381
2023-03-28,Marketing,373,388
2023-03-29,Coffee Sales,754,685
2023-03-29,Food Sales,747,760
2023-03-29,Ingredients Cost,200,180
2023-03-29,Labor,141,145
2023-03-29,Rent,278,259
2023-03-29,Utilities,488,463
2023-03-29,Marketing,293,294
2023-03-30,Coffee Sales,874,800
2023-03-30,Food Sales,824,741
2023-03-30,Ingredients Cost,194,208
2023-03-30,Labor,399,434
2023-03-30,Rent,495,528
2023-03-30,Utilities,405,373
2023-03-30,Marketing,122,111
2023-03-31,Coffee Sales,923,968
2023-03-31,Food Sales,256,271
2023-03-31,Ingredients Cost,181,191
2023-03-31,Labor,307,324
2023-03-31,Rent,157,156
2023-03-31,Utilities,491,486
2023-03-31,Marketing,338,348
2023-04-01,Coffee Sales,598,563
2023-04-01,Food Sales,602,597
2023-04-01,Ingredients Cost,217,214
2023-04-01,Labor,141,130
2023-04-01,Rent,481,499
2023-04-01,Utilities,455,471
2023-04-01,Marketing,259,260
2023-04-02,Coffee Sales,289,294
2023-04-02,Food Sales,565,582
2023-04-02,Ingredients Cost,268,250
2023-04-02,Labor,355,336
2023-04-02,Rent,485,460
2023-04-02,Utilities,301,276
2023-04-02,Marketing,229,250
2023-04-03,Coffee Sales,221,239
2023-04-03,Food Sales,845,781
2023-04-03,Ingredients Cost,214,232
2023-04-03,Labor,173,171
2023-04-03,Rent,304,279
2023-04-03,Utilities,117,123
2023-04-03,Marketing,165,150
2023-04-04,Coffee Sales,582,559
2023-04-04,Food Sales,816,768
2023-04-04,Ingredients Cost,339,370
2023-04-04,Labor,133,127
2023-04-04,Rent,123,131
2023-04-04,Utilities,471,481
2023-04-04,Marketing,254,229
2023-04-05,Coffee Sales,652,654
2023-04-05,Food Sales,899,916
2023-04-05,Ingredients Cost,233,237
2023-04-05,Labor,199,196
2023-04-05,Rent,431,448
2023-04-05,Utilities,185,167
2023-04-05,Marketing,464,451
2023-04-06,Coffee Sales,977,882
2023-04-06,Food Sales,889,841
2023-04-06,Ingredients Cost,395,416
2023-04-06,Labor,381,389
2023-04-06,Rent,350,357
2023-04-06,Utilities,417,422
2023-04-06,Marketing,112,113
2023-04-07,Coffee Sales,932,872
2023-04-07,Food Sales,863,786
2023-04-07,Ingredients Cost,468,491
2023-04-07,Labor,128,136
2023-04-07,Rent,393,378
2023-04-07,Utilities,169,165
2023-04-07,Marketing,271,248
2023-04-08,Coffee Sales,921,872
2023-04-08,Food Sales,228,242
2023-04-08,Ingredients Cost,315,298
2023-04-08,Labor,144,151
2023-04-08,Rent,141,134
2023-04-08,Utilities,103,94
2023-04-08,Marketing,243,237
2023-04-09,Coffee Sales,599,648
2023-04-09,Food Sales,813,787
2023-04-09,Ingredients Cost,239,259
2023-04-09,Labor,277,285
2023-04-09,Rent,420,428
2023-04-09,Utilities,401,373
2023-04-09,Marketing,109,119
2023-04-10,Coffee Sales,679,711
2023-04-10,Food Sales,628,612
2023-04-10,Ingredients Cost,298,326
2023-04-10,Labor,298,271
2023-04-10,Rent,366,393
2023-04-10,Utilities,152,154
2023-04-10,Marketing,433,466
2023-04-11,Coffee Sales,223,222
2023-04-11,Food Sales,360,356
2023-04-11,Ingredients Cost,362,336
2023-04-11,Labor,431,437
2023-04-11,Rent,252,261
2023-04-11,Utilities,196,212
2023-04-11,Marketing,111,110
2023-04-12,Coffee Sales,573,620
2023-04-12,Food Sales,298,323
2023-04-12,Ingredients Cost,246,239
2023-04-12,Labor,314,303
2023-04-12,Rent,176,158
2023-04-12,Utilities,433,409
2023-04-12,Marketing,158,165
2023-04-13,Coffee Sales,532,527
2023-04-13,Food Sales,292,295
2023-04-13,Ingredients Cost,158,152
2023-04-13,Labor,170,175
2023-04-13,Rent,226,206
2023-04-13,Utilities,187,187
2023-04-13,Marketing,210,224
2023-04-14,Coffee Sales,349,362
2023-04-14,Food Sales,519,526
2023-04-14,Ingredients Cost,279,283
2023-04-14,Labor,301,307
2023-04-14,Rent,336,362
2023-04-14,Utilities,289,303
2023-04-14,Marketing,173,175
2023-04-15,Coffee Sales,751,755
2023-04-15,Food Sales,461,474
2023-04-15,Ingredients Cost,307,297
2023-04-15,Labor,246,231
2023-04-15,Rent,366,377
2023-04-15,Utilities,137,130
2023-04-15,Marketing,293,274
2023-04-16,Coffee Sales,906,832
2023-04-16,Food Sales,744,766
2023-04-16,Ingredients Cost,492,465
2023-04-16,Labor,174,189
2023-04-16,Rent,440,411
2023-04-16,Utilities,479,522
2023-04-16,Marketing,170,166
2023-04-17,Coffee Sales,346,355
2023-04-17,Food Sales,583,630
2023-04-17,Ingredients Cost,277,269
2023-04-17,Labor,214,221
2023-04-17,Rent,125,130
2023-04-17,Utilities,288,282
2023-04-17,Marketing,487,489
2023-04-18,Coffee Sales,999,1010
2023-04-18,Food Sales,898,809
2023-04-18,Ingredients Cost,152,161
2023-04-18,Labor,153,139
2023-04-18,Rent,389,362
2023-04-18,Utilities,319,304
2023-04-18,Marketing,217,233
2023-04-19,Coffee Sales,720,785
2023-04-19,Food Sales,304,310
2023-04-19,Ingredients Cost,348,361
2023-04-19,Labor,301,292
2023-04-19,Rent,337,345
2023-04-19,Utilities,154,168
2023-04-19,Marketing,178,161
2023-04-20,Coffee Sales,396,435
2023-04-20,Food Sales,680,737
2023-04-20,Ingredients Cost,289,299
2023-04-20,Labor,106,98
2023-04-20,Rent,144,132
2023-04-20,Utilities,144,155
2023-04-20,Marketing,270,252
2023-04-21,Coffee Sales,887,947
2023-04-21,Food Sales,815,805
2023-04-21,Ingredients Cost,209,226
2023-04-21,Labor,470,464
2023-04-21,Rent,248,262
2023-04-21,Utilities,323,290
2023-04-21,Marketing,260,277
2023-04-22,Coffee Sales,714,747
2023-04-22,Food Sales,618,628
2023-04-22,Ingredients Cost,409,389
2023-04-22,Labor,170,186
2023-04-22,Rent,127,132
2023-04-22,Utilities,333,322
2023-04-22,Marketing,239,220
2023-04-23,Coffee Sales,416,426
2023-04-23,Food Sales,282,255
2023-04-23,Ingredients Cost,106,102
2023-04-23,Labor,177,160
2023-04-23,Rent,372,374
2023-04-23,Utilities,211,209
2023-04-23,Marketing,392,359
2023-04-24,Coffee Sales,330,350
2023-04-24,Food Sales,766,822
2023-04-24,Ingredients Cost,149,162
2023-04-24,Labor,185,179
2023-04-24,Rent,279,263
2023-04-24,Utilities,313,335
2023-04-24,Marketing,249,234
2023-04-25,Coffee Sales,722,706
2023-04-25,Food Sales,507,502
2023-04-25,Ingredients Cost,312,285
2023-04-25,Labor,303,315
2023-04-25,Rent,432,393
2023-04-25,Utilities,495,516
2023-04-25,Marketing,317,343
2023-04-26,Coffee Sales,981,898
2023-04-26,Food Sales,406,395
2023-04-26,Ingredients Cost,202,192
2023-04-26,Labor,290,269
2023-04-26,Rent,461,459
2023-04-26,Utilities,437,447
2023-04-26,Marketing,438,438
2023-04-27,Coffee Sales,686,639
2023-04-27,Food Sales,589,627
2023-04-27,Ingredients Cost,190,204
2023-04-27,Labor,337,358
2023-04-27,Rent,108,107
2023-04-27,Utilities,241,254
2023-04-27,Marketing,407,426
2023-04-28,Coffee Sales,914,908
2023-04-28,Food Sales,874,880
2023-04-28,Ingredients Cost,273,291
2023-04-28,Labor,115,113
2023-04-28,Rent,339,309
2023-04-28,Utilities,199,206
2023-04-28,Marketing,321,324
2023-04-29,Coffee Sales,598,644
2023-04-29,Food Sales,807,780
2023-04-29,Ingredients Cost,298,309
2023-04-29,Labor,311,341
2023-04-29,Rent,487,439
2023-04-29,Utilities,176,180
2023-04-29,Marketing,457,459
2023-04-30,Coffee Sales,483,477
2023-04-30,Food Sales,717,757
2023-04-30,Ingredients Cost,158,150
2023-04-30,Labor,170,174
2023-04-30,Rent,115,104
2023-04-30,Utilities,401,371
2023-04-30,Marketing,301,274
2023-05-01,Coffee Sales,833,794
2023-05-01,Food Sales,445,486
2023-05-01,Ingredients Cost,123,131
2023-05-01,Labor,462,486
2023-05-01,Rent,161,148
2023-05-01,Utilities,487,454
2023-05-01,Marketing,154,152
2023-05-02,Coffee Sales,639,626
2023-05-02,Food Sales,635,656
2023-05-02,Ingredients Cost,422,437
2023-05-02,Labor,234,232
2023-05-02,Rent,214,227
2023-05-02,Utilities,260,277
2023-05-02,Marketing,462,459
2023-05-03,Coffee Sales,593,556
2023-05-03,Food Sales,471,459
2023-05-03,Ingredients Cost,236,254
2023-05-03,Labor,448,431
2023-05-03,Rent,138,149
2023-05-03,Utilities,493,537
2023-05-03,Marketing,487,438
2023-05-04,Coffee Sales,322,293
2023-05-04,Food Sales,908,841
2023-05-04,Ingredients Cost,138,139
2023-05-04,Labor,334,302
2023-05-04,Rent,358,322
2023-05-04,Utilities,144,151
2023-05-04,Marketing,437,426
2023-05-05,Coffee Sales,348,332
2023-05-05,Food Sales,505,456
2023-05-05,Ingredients Cost,380,357
2023-05-05,Labor,191,192
2023-05-05,Rent,277,280
2023-05-05,Utilities,435,395
2023-05-05,Marketing,133,124
2023-05-06,Coffee Sales,331,341
2023-05-06,Food Sales,388,421
2023-05-06,Ingredients Cost,364,396
2023-05-06,Labor,115,124
2023-05-06,Rent,295,310
2023-05-06,Utilities,166,176
2023-05-06,Marketing,163,168
2023-05-07,Coffee Sales,535,485
2023-05-07,Food Sales,917,930
2023-05-07,Ingredients Cost,244,225
2023-05-07,Labor,304,276
2023-05-07,Rent,494,514
2023-05-07,Utilities,311,330
2023-05-07,Marketing,220,202
2023-05-08,Coffee Sales,275,278
2023-05-08,Food Sales,952,949
2023-05-08,Ingredients Cost,245,258
2023-05-08,Labor,106,108
2023-05-08,Rent,277,271
2023-05-08,Utilities,254,272
2023-05-08,Marketing,142,148
2023-05-09,Coffee Sales,297,286
2023-05-09,Food Sales,950,864
2023-05-09,Ingredients Cost,226,216
2023-05-09,Labor,455,498
2023-05-09,Rent,258,234
2023-05-09,Utilities,181,186
2023-05-09,Marketing,309,300
2023-05-10,Coffee Sales,809,738
2023-05-10,Food Sales,615,669
2023-05-10,Ingredients Cost,172,177
2023-05-10,Labor,243,219
2023-05-10,Rent,297,296
2023-05-10,Utilities,127,118
2023-05-10,Marketing,427,402
2023-05-11,Coffee Sales,976,946
2023-05-11,Food Sales,917,963
2023-05-11,Ingredients Cost,377,341
2023-05-11,Labor,257,281
2023-05-11,Rent,322,304
2023-05-11,Utilities,147,141
2023-05-11,Marketing,137,124
2023-05-12,Coffee Sales,942,853
2023-05-12,Food Sales,262,276
2023-05-12,Ingredients Cost,197,179
2023-05-12,Labor,221,206
2023-05-12,Rent,227,249
2023-05-12,Utilities,351,380
2023-05-12,Marketing,473,515
2023-05-13,Coffee Sales,815,787
2023-05-13,Food Sales,822,795
2023-05-13,Ingredients Cost,315,293
2023-05-13,Labor,406,444
2023-05-13,Rent,121,111
2023-05-13,Utilities,400,403
2023-05-13,Marketing,452,473
2023-05-14,Coffee Sales,895,872
2023-05-14,Food Sales,808,843
2023-05-14,Ingredients Cost,340,366
2023-05-14,Labor,103,109
2023-05-14,Rent,472,459
2023-05-14,Utilities,431,442
2023-05-14,Marketing,380,359
2023-05-15,Coffee Sales,873,823
2023-05-15,Food Sales,653,592
2023-05-15,Ingredients Cost,363,374
2023-05-15,Labor,287,314
2023-05-15,Rent,155,162
2023-05-15,Utilities,120,119
2023-05-15,Marketing,378,369
2023-05-16,Coffee Sales,612,631
2023-05-16,Food Sales,666,665
2023-05-16,Ingredients Cost,208,205
2023-05-16,Labor,210,230
2023-05-16,Rent,437,447
2023-05-16,Utilities,122,121
2023-05-16,Marketing,366,373
2023-05-17,Coffee Sales,334,310
2023-05-17,Food Sales,485,518
2023-05-17,Ingredients Cost,389,400
2023-05-17,Labor,213,201
2023-05-17,Rent,378,377
2023-05-17,Utilities,127,135
2023-05-17,Marketing,302,323
2023-05-18,Coffee Sales,659,638
2023-05-18,Food Sales,478,468
2023-05-18,Ingredients Cost,235,225
2023-05-18,Labor,406,372
2023-05-18,Rent,157,159
2023-05-18,Utilities,382,393
2023-05-18,Marketing,433,462
2023-05-19,Coffee Sales,446,476
2023-05-19,Food Sales,264,289
2023-05-19,Ingredients Cost,249,250
2023-05-19,Labor,244,248
2023-05-19,Rent,319,311
2023-05-19,Utilities,465,465
2023-05-19,Marketing,217,226
2023-05-20,Coffee Sales,506,517
2023-05-20,Food Sales,430,416
2023-05-20,Ingredients Cost,238,227
2023-05-20,Labor,435,441
2023-05-20,Rent,431,409
2023-05-20,Utilities,209,211
2023-05-20,Marketing,105,113
2023-05-21,Coffee Sales,645,676
2023-05-21,Food Sales,435,463
2023-05-21,Ingredients Cost,286,295
2023-05-21,Labor,101,97
2023-05-21,Rent,147,155
2023-05-21,Utilities,131,128
2023-05-21,Marketing,347,380
2023-05-22,Coffee Sales,653,654
2023-05-22,Food Sales,715,747
2023-05-22,Ingredients Cost,410,380
2023-05-22,Labor,226,235
2023-05-22,Rent,201,204
2023-05-22,Utilities,433,462
2023-05-22,Marketing,216,235
2023-05-23,Coffee Sales,909,848
2023-05-23,Food Sales,608,572
2023-05-23,Ingredients Cost,162,175
2023-05-23,Labor,380,342
2023-05-23,Rent,373,342
2023-05-23,Utilities,351,347
2023-05-23,Marketing,346,316
2023-05-24,Coffee Sales,201,201
2023-05-24,Food Sales,975,1043
2023-05-24,Ingredients Cost,287,314
2023-05-24,Labor,345,373
2023-05-24,Rent,389,375
2023-05-24,Utilities,415,393
2023-05-24,Marketing,110,109
2023-05-25,Coffee Sales,251,231
2023-05-25,Food Sales,919,903
2023-05-25,Ingredients Cost,474,517
2023-05-25,Labor,453,495
2023-05-25,Rent,219,214
2023-05-25,Utilities,210,202
2023-05-25,Marketing,309,300
2023-05-26,Coffee Sales,505,494
2023-05-26,Food Sales,543,507
2023-05-26,Ingredients Cost,179,188
2023-05-26,Labor,298,312
2023-05-26,Rent,187,189
2023-05-26,Utilities,242,256
2023-05-26,Marketing,367,354
2023-05-27,Coffee Sales,951,1024
2023-05-27,Food Sales,932,874
2023-05-27,Ingredients Cost,399,431
2023-05-27,Labor,392,424
2023-05-27,Rent,213,212
2023-05-27,Utilities,298,277
2023-05-27,Marketing,171,164
2023-05-28,Coffee Sales,493,452
2023-05-28,Food Sales,465,504
2023-05-28,Ingredients Cost,485,449
2023-05-28,Labor,338,305
2023-05-28,Rent,424,401
2023-05-28,Utilities,141,137
2023-05-28,Marketing,301,279
2023-05-29,Coffee Sales,900,856
2023-05-29,Food Sales,401,404
2023-05-29,Ingredients Cost,269,244
2023-05-29,Labor,129,139
2023-05-29,Rent,180,183
2023-05-29,Utilities,491,475
2023-05-29,Marketing,356,386
2023-05-30,Coffee Sales,259,271
2023-05-30,Food Sales,465,490
2023-05-30,Ingredients Cost,401,430
2023-05-30,Labor,367,331
2023-05-30,Rent,306,319
2023-05-30,Utilities,102,91
2023-05-30,Marketing,254,235
2023-05-31,Coffee Sales,842,887
2023-05-31,Food Sales,500,541
2023-05-31,Ingredients Cost,180,170
2023-05-31,Labor,467,499
2023-05-31,Rent,423,389
2023-05-31,Utilities,387,390
2023-05-31,Marketing,105,114
2023-06-01,Coffee Sales,735,680
2023-06-01,Food Sales,243,244
2023-06-01,Ingredients Cost,112,110
2023-06-01,Labor,389,371
2023-06-01,Rent,474,472
2023-06-01,Utilities,155,142
2023-06-01,Marketing,372,366
2023-06-02,Coffee Sales,978,920
2023-06-02,Food Sales,205,193
2023-06-02,Ingredients Cost,176,172
2023-06-02,Labor,488,492
2023-06-02,Rent,276,264
2023-06-02,Utilities,356,337
2023-06-02,Marketing,257,247
2023-06-03,Coffee Sales,684,673
2023-06-03,Food Sales,834,860
2023-06-03,Ingredients Cost,161,161
2023-06-03,Labor,281,264
2023-06-03,Rent,253,249
2023-06-03,Utilities,439,414
2023-06-03,Marketing,446,452
2023-06-04,Coffee Sales,485,476
2023-06-04,Food Sales,813,811
2023-06-04,Ingredients Cost,160,146
2023-06-04,Labor,492,530
2023-06-04,Rent,334,354
2023-06-04,Utilities,330,346
2023-06-04,Marketing,237,216
2023-06-05,Coffee Sales,406,443
2023-06-05,Food Sales,770,704
2023-06-05,Ingredients Cost,478,481
2023-06-05,Labor,174,180
2023-06-05,Rent,323,328
2023-06-05,Utilities,449,410
2023-06-05,Marketing,177,177
2023-06-06,Coffee Sales,450,471
2023-06-06,Food Sales,693,742
2023-06-06,Ingredients Cost,182,186
2023-06-06,Labor,386,359
2023-06-06,Rent,186,190
2023-06-06,Utilities,156,165
2023-06-06,Marketing,146,146
2023-06-07,Coffee Sales,572,533
2023-06-07,Food Sales,349,325
2023-06-07,Ingredients Cost,191,183
2023-06-07,Labor,362,330
2023-06-07,Rent,107,109
2023-06-07,Utilities,354,366
2023-06-07,Marketing,403,387
2023-06-08,Coffee Sales,344,319
2023-06-08,Food Sales,335,315
2023-06-08,Ingredients Cost,209,218
2023-06-08,Labor,155,168
2023-06-08,Rent,216,209
2023-06-08,Utilities,449,417
2023-06-08,Marketing,261,253
2023-06-09,Coffee Sales,543,512
2023-06-09,Food Sales,452,438
2023-06-09,Ingredients Cost,327,359
2023-06-09,Labor,269,267
2023-06-09,Rent,498,472
2023-06-09,Utilities,221,221
2023-06-09,Marketing,131,136
2023-06-10,Coffee Sales,862,799
2023-06-10,Food Sales,713,667
2023-06-10,Ingredients Cost,250,226
2023-06-10,Labor,186,199
2023-06-10,Rent,166,178
2023-06-10,Utilities,469,491
2023-06-10,Marketing,469,478
2023-06-11,Coffee Sales,775,713
2023-06-11,Food Sales,450,478
2023-06-11,Ingredients Cost,251,265
2023-06-11,Labor,307,290
2023-06-11,Rent,352,385
2023-06-11,Utilities,286,308
2023-06-11,Marketing,440,448
2023-06-12,Coffee Sales,453,411
2023-06-12,Food Sales,429,446
2023-06-12,Ingredients Cost,381,404
2023-06-12,Labor,424,437
2023-06-12,Rent,355,347
2023-06-12,Utilities,371,366
2023-06-12,Marketing,102,109
2023-06-13,Coffee Sales,701,643
2023-06-13,Food Sales,947,925
2023-06-13,Ingredients Cost,324,354
2023-06-13,Labor,346,311
2023-06-13,Rent,309,305
2023-06-13,Utilities,301,324
2023-06-13,Marketing,346,321
2023-06-14,Coffee Sales,460,497
2023-06-14,Food Sales,624,680
2023-06-14,Ingredients Cost,454,443
2023-06-14,Labor,406,393
2023-06-14,Rent,266,266
2023-06-14,Utilities,404,442
2023-06-14,Marketing,417,389
2023-06-15,Coffee Sales,223,200
2023-06-15,Food Sales,852,864
2023-06-15,Ingredients Cost,220,203
2023-06-15,Labor,104,107
2023-06-15,Rent,380,373
2023-06-15,Utilities,171,174
2023-06-15,Marketing,133,141
2023-06-16,Coffee Sales,283,265
2023-06-16,Food Sales,243,258
2023-06-16,Ingredients Cost,217,230
2023-06-16,Labor,240,225
2023-06-16,Rent,274,291
2023-06-16,Utilities,448,490
2023-06-16,Marketing,328,339
2023-06-17,Coffee Sales,306,277
2023-06-17,Food Sales,761,804
2023-06-17,Ingredients Cost,193,187
2023-06-17,Labor,300,309
2023-06-17,Rent,389,350
2023-06-17,Utilities,102,93
2023-06-17,Marketing,470,484
2023-06-18,Coffee Sales,633,668
2023-06-18,Food Sales,430,387
2023-06-18,Ingredients Cost,252,237
2023-06-18,Labor,209,200
2023-06-18,Rent,290,281
2023-06-18,Utilities,408,374
2023-06-18,Marketing,403,407
2023-06-19,Coffee Sales,765,820
2023-06-19,Food Sales,253,263
2023-06-19,Ingredients Cost,293,287
2023-06-19,Labor,344,317
2023-06-19,Rent,265,277
2023-06-19,Utilities,393,383
2023-06-19,Marketing,360,327
2023-06-20,Coffee Sales,526,562
2023-06-20,Food Sales,627,570
2023-06-20,Ingredients Cost,305,334
2023-06-20,Labor,405,394
2023-06-20,Rent,437,430
2023-06-20,Utilities,273,296
2023-06-20,Marketing,352,373
2023-06-21,Coffee Sales,280,265
2023-06-21,Food Sales,737,721
2023-06-21,Ingredients Cost,271,277
2023-06-21,Labor,286,268
2023-06-21,Rent,181,173
2023-06-21,Utilities,248,228
2023-06-21,Marketing,330,352
2023-06-22,Coffee Sales,257,238
2023-06-22,Food Sales,957,980
2023-06-22,Ingredients Cost,293,268
2023-06-22,Labor,209,216
2023-06-22,Rent,473,448
2023-06-22,Utilities,122,133
2023-06-22,Marketing,442,444
2023-06-23,Coffee Sales,414,448
2023-06-23,Food Sales,204,207
2023-06-23,Ingredients Cost,351,379
2023-06-23,Labor,235,235
2023-06-23,Rent,494,492
2023-06-23,Utilities,335,339
2023-06-23,Marketing,130,141
2023-06-24,Coffee Sales,598,552
2023-06-24,Food Sales,967,1030
2023-06-24,Ingredients Cost,360,332
2023-06-24,Labor,152,156
2023-06-24,Rent,259,259
2023-06-24,Utilities,245,221
2023-06-24,Marketing,242,221
2023-06-25,Coffee Sales,873,785
2023-06-25,Food Sales,256,275
2023-06-25,Ingredients Cost,427,444
2023-06-25,Labor,449,470
2023-06-25,Rent,367,340
2023-06-25,Utilities,191,177
2023-06-25,Marketing,230,220
2023-06-26,Coffee Sales,302,290
2023-06-26,Food Sales,899,818
2023-06-26,Ingredients Cost,364,395
2023-06-26,Labor,140,139
2023-06-26,Rent,226,222
2023-06-26,Utilities,172,172
2023-06-26,Marketing,389,376
2023-06-27,Coffee Sales,812,767
2023-06-27,Food Sales,653,677
2023-06-27,Ingredients Cost,494,496
2023-06-27,Labor,434,426
2023-06-27,Rent,276,258
2023-06-27,Utilities,500,511
2023-06-27,Marketing,431,438
2023-06-28,Coffee Sales,376,393
2023-06-28,Food Sales,496,494
2023-06-28,Ingredients Cost,417,395
2023-06-28,Labor,498,467
2023-06-28,Rent,383,393
2023-06-28,Utilities,119,115
2023-06-28,Marketing,158,144
2023-06-29,Coffee Sales,233,245
2023-06-29,Food Sales,529,558
2023-06-29,Ingredients Cost,273,247
2023-06-29,Labor,101,94
2023-06-29,Rent,230,241
2023-06-29,Utilities,485,528
2023-06-29,Marketing,354,327
2023-06-30,Coffee Sales,269,277
2023-06-30,Food Sales,568,515
2023-06-30,Ingredients Cost,370,333
2023-06-30,Labor,436,446
2023-06-30,Rent,299,273
2023-06-30,Utilities,360,343
2023-06-30,Marketing,170,173
2023-07-01,Coffee Sales,828,773
2023-07-01,Food Sales,799,729
2023-07-01,Ingredients Cost,374,355
2023-07-01,Labor,326,329
2023-07-01,Rent,442,460
2023-07-01,Utilities,403,413
2023-07-01,Marketing,128,116
2023-07-02,Coffee Sales,824,742
2023-07-02,Food Sales,219,200
2023-07-02,Ingredients Cost,448,442
2023-07-02,Labor,491,452
2023-07-02,Rent,103,98
2023-07-02,Utilities,228,242
2023-07-02,Marketing,461,480
2023-07-03,Coffee Sales,550,567
2023-07-03,Food Sales,293,316
2023-07-03,Ingredients Cost,106,109
2023-07-03,Labor,397,390
2023-07-03,Rent,196,178
2023-07-03,Utilities,373,359
2023-07-03,Marketing,337,333
2023-07-04,Coffee Sales,738,802
2023-07-04,Food Sales,500,453
2023-07-04,Ingredients Cost,162,163
2023-07-04,Labor,383,418
2023-07-04,Rent,275,275
2023-07-04,Utilities,186,195
2023-07-04,Marketing,468,430
2023-07-05,Coffee Sales,383,411
2023-07-05,Food Sales,867,820
2023-07-05,Ingredients Cost,496,515
2023-07-05,Labor,242,263
2023-07-05,Rent,321,300
2023-07-05,Utilities,106,110
2023-07-05,Marketing,413,396
2023-07-06,Coffee Sales,995,1012
2023-07-06,Food Sales,360,364
2023-07-06,Ingredients Cost,336,344
2023-07-06,Labor,372,340
2023-07-06,Rent,310,318
2023-07-06,Utilities,406,374
2023-07-06,Marketing,274,285
2023-07-07,Coffee Sales,329,334
2023-07-07,Food Sales,930,982
2023-07-07,Ingredients Cost,388,359
2023-07-07,Labor,454,454
2023-07-07,Rent,444,426
2023-07-07,Utilities,460,441
2023-07-07,Marketing,191,201
2023-07-08,Coffee Sales,624,659
2023-07-08,Food Sales,711,741
2023-07-08,Ingredients Cost,222,238
2023-07-08,Labor,127,121
2023-07-08,Rent,297,291
2023-07-08,Utilities,494,476
2023-07-08,Marketing,187,203
2023-07-09,Coffee Sales,996,1087
2023-07-09,Food Sales,903,854
2023-07-09,Ingredients Cost,468,469
2023-07-09,Labor,424,446
2023-07-09,Rent,148,133
2023-07-09,Utilities,172,179
2023-07-09,Marketing,424,445
2023-07-10,Coffee Sales,210,227
2023-07-10,Food Sales,569,539
2023-07-10,Ingredients Cost,306,303
2023-07-10,Labor,245,227
2023-07-10,Rent,495,447
2023-07-10,Utilities,121,118
2023-07-10,Marketing,344,338
2023-07-11,Coffee Sales,347,374
2023-07-11,Food Sales,476,504
2023-07-11,Ingredients Cost,195,175
2023-07-11,Labor,486,521
2023-07-11,Rent,278,256
2023-07-11,Utilities,288,301
2023-07-11,Marketing,254,237
2023-07-12,Coffee Sales,239,242
2023-07-12,Food Sales,622,562
2023-07-12,Ingredients Cost,476,511
2023-07-12,Labor,397,365
2023-07-12,Rent,441,424
2023-07-12,Utilities,139,151
2023-07-12,Marketing,356,356
2023-07-13,Coffee Sales,721,680
2023-07-13,Food Sales,244,255
2023-07-13,Ingredients Cost,247,237
2023-07-13,Labor,242,235
2023-07-13,Rent,177,167
2023-07-13,Utilities,463,489
2023-07-13,Marketing,478,522
2023-07-14,Coffee Sales,278,255
2023-07-14,Food Sales,497,544
2023-07-14,Ingredients Cost,166,173
2023-07-14,Labor,150,140
2023-07-14,Rent,296,306
2023-07-14,Utilities,202,215
2023-07-14,Marketing,385,394
2023-07-15,Coffee Sales,269,258
2023-07-15,Food Sales,693,733
2023-07-15,Ingredients Cost,436,449
2023-07-15,Labor,265,270
2023-07-15,Rent,460,499
2023-07-15,Utilities,486,474
2023-07-15,Marketing,173,189
2023-07-16,Coffee Sales,949,904
2023-07-16,Food Sales,314,334
2023-07-16,Ingredients Cost,307,284
2023-07-16,Labor,437,429
2023-07-16,Rent,202,203
2023-07-16,Utilities,351,353
2023-07-16,Marketing,313,309
2023-07-17,Coffee Sales,612,611
2023-07-17,Food Sales,563,529
2023-07-17,Ingredients Cost,415,439
2023-07-17,Labor,342,312
2023-07-17,Rent,105,112
2023-07-17,Utilities,316,322
2023-07-17,Marketing,307,313
2023-07-18,Coffee Sales,840,795
2023-07-18,Food Sales,521,567
2023-07-18,Ingredients Cost,280,279
2023-07-18,Labor,309,315
2023-07-18,Rent,295,316
2023-07-18,Utilities,435,430
2023-07-18,Marketing,305,312
2023-07-19,Coffee Sales,556,542
2023-07-19,Food Sales,595,621
2023-07-19,Ingredients Cost,400,409
2023-07-19,Labor,426,423
2023-07-19,Rent,107,99
2023-07-19,Utilities,336,355
2023-07-19,Marketing,285,286
2023-07-20,Coffee Sales,986,1042
2023-07-20,Food Sales,203,202
2023-07-20,Ingredients Cost,249,228
2023-07-20,Labor,438,480
2023-07-20,Rent,500,478
2023-07-20,Utilities,343,329
2023-07-20,Marketing,281,299
2023-07-21,Coffee Sales,529,537
2023-07-21,Food Sales,356,331
2023-07-21,Ingredients Cost,498,480
2023-07-21,Labor,290,318
2023-07-21,Rent,407,431
2023-07-21,Utilities,412,385
2023-07-21,Marketing,307,311
2023-07-22,Coffee Sales,624,597
2023-07-22,Food Sales,688,751
2023-07-22,Ingredients Cost,126,120
2023-07-22,Labor,318,298
2023-07-22,Rent,405,377
2023-07-22,Utilities,364,357
2023-07-22,Marketing,397,432
2023-07-23,Coffee Sales,954,1041
2023-07-23,Food Sales,787,777
2023-07-23,Ingredients Cost,398,401
2023-07-23,Labor,322,326
2023-07-23,Rent,389,365
2023-07-23,Utilities,139,150
2023-07-23,Marketing,337,338
2023-07-24,Coffee Sales,434,427
2023-07-24,Food Sales,599,639
2023-07-24,Ingredients Cost,216,205
2023-07-24,Labor,267,270
2023-07-24,Rent,337,352
2023-07-24,Utilities,458,420
2023-07-24,Marketing,419,424
2023-07-25,Coffee Sales,850,816
2023-07-25,Food Sales,716,762
2023-07-25,Ingredients Cost,441,415
2023-07-25,Labor,426,451
2023-07-25,Rent,215,235
2023-07-25,Utilities,382,395
2023-07-25,Marketing,167,180
2023-07-26,Coffee Sales,836,763
2023-07-26,Food Sales,529,551
2023-07-26,Ingredients Cost,212,208
2023-07-26,Labor,182,200
2023-07-26,Rent,244,242
2023-07-26,Utilities,479,495
2023-07-26,Marketing,119,116
2023-07-27,Coffee Sales,904,910
2023-07-27,Food Sales,803,809
2023-07-27,Ingredients Cost,260,276
2023-07-27,Labor,194,206
2023-07-27,Rent,478,498
2023-07-27,Utilities,392,391
2023-07-27,Marketing,451,413
2023-07-28,Coffee Sales,714,750
2023-07-28,Food Sales,762,788
2023-07-28,Ingredients Cost,257,261
2023-07-28,Labor,499,481
2023-07-28,Rent,471,487
2023-07-28,Utilities,345,367
2023-07-28,Marketing,175,161
2023-07-29,Coffee Sales,865,894
2023-07-29,Food Sales,475,487
2023-07-29,Ingredients Cost,226,242
2023-07-29,Labor,213,232
2023-07-29,Rent,353,380
2023-07-29,Utilities,493,463
2023-07-29,Marketing,208,226
2023-07-30,Coffee Sales,302,331
2023-07-30,Food Sales,985,921
2023-07-30,Ingredients Cost,275,260
2023-07-30,Labor,428,450
2023-07-30,Rent,325,295
2023-07-30,Utilities,204,191
2023-07-30,Marketing,409,431
2023-07-31,Coffee Sales,667,640
2023-07-31,Food Sales,347,370
2023-07-31,Ingredients Cost,139,136
2023-07-31,Labor,387,410
2023-07-31,Rent,306,334
2023-07-31,Utilities,347,378
2023-07-31,Marketing,328,326
2023-08-01,Coffee Sales,668,646
2023-08-01,Food Sales,292,268
2023-08-01,Ingredients Cost,252,239
2023-08-01,Labor,163,161
2023-08-01,Rent,254,228
2023-08-01,Utilities,186,185
2023-08-01,Marketing,282,270
2023-08-02,Coffee Sales,330,299
2023-08-02,Food Sales,597,554
2023-08-02,Ingredients Cost,454,422
2023-08-02,Labor,206,210
2023-08-02,Rent,323,305
2023-08-02,Utilities,288,306
2023-08-02,Marketing,109,107
2023-08-03,Coffee Sales,659,601
2023-08-03,Food Sales,212,212
2023-08-03,Ingredients Cost,436,452
2023-08-03,Labor,468,484
2023-08-03,Rent,478,454
2023-08-03,Utilities,333,351
2023-08-03,Marketing,403,421
2023-08-04,Coffee Sales,738,706
2023-08-04,Food Sales,570,541
2023-08-04,Ingredients Cost,433,392
2023-08-04,Labor,251,242
2023-08-04,Rent,343,347
2023-08-04,Utilities,395,381
2023-08-04,Marketing,450,424
2023-08-05,Coffee Sales,441,407
2023-08-05,Food Sales,864,814
2023-08-05,Ingredients Cost,358,392
2023-08-05,Labor,204,200
2023-08-05,Rent,427,459
2023-08-05,Utilities,422,446
2023-08-05,Marketing,130,121
2023-08-06,Coffee Sales,913,859
2023-08-06,Food Sales,904,969
2023-08-06,Ingredients Cost,355,365
2023-08-06,Labor,215,224
2023-08-06,Rent,477,465
2023-08-06,Utilities,161,172
2023-08-06,Marketing,334,341
2023-08-07,Coffee Sales,530,577
2023-08-07,Food Sales,532,557
2023-08-07,Ingredients Cost,256,239
2023-08-07,Labor,174,156
2023-08-07,Rent,195,193
2023-08-07,Utilities,465,450
2023-08-07,Marketing,286,285
2023-08-08,Coffee Sales,489,448
2023-08-08,Food Sales,718,746
2023-08-08,Ingredients Cost,274,297
2023-08-08,Labor,451,439
2023-08-08,Rent,224,211
2023-08-08,Utilities,387,401
2023-08-08,Marketing,446,488
2023-08-09,Coffee Sales,300,313
2023-08-09,Food Sales,234,255
2023-08-09,Ingredients Cost,123,123
2023-08-09,Labor,135,128
2023-08-09,Rent,219,204
2023-08-09,Utilities,187,204
2023-08-09,Marketing,398,401
2023-08-10,Coffee Sales,625,576
2023-08-10,Food Sales,662,704
2023-08-10,Ingredients Cost,496,542
2023-08-10,Labor,188,199
2023-08-10,Rent,165,164
2023-08-10,Utilities,441,467
2023-08-10,Marketing,224,229
2023-08-11,Coffee Sales,475,429
2023-08-11,Food Sales,940,984
2023-08-11,Ingredients Cost,227,239
2023-08-11,Labor,460,465
2023-08-11,Rent,246,250
2023-08-11,Utilities,268,246
2023-08-11,Marketing,497,509
2023-08-12,Coffee Sales,399,427
2023-08-12,Food Sales,860,891
2023-08-12,Ingredients Cost,393,371
2023-08-12,Labor,256,246
2023-08-12,Rent,353,382
2023-08-12,Utilities,236,232
2023-08-12,Marketing,167,158
2023-08-13,Coffee Sales,909,877
2023-08-13,Food Sales,942,1029
2023-08-13,Ingredients Cost,445,463
2023-08-13,Labor,231,221
2023-08-13,Rent,337,361
2023-08-13,Utilities,157,160
2023-08-13,Marketing,428,443
2023-08-14,Coffee Sales,535,568
2023-08-14,Food Sales,536,493
2023-08-14,Ingredients Cost,283,257
2023-08-14,Labor,348,343
2023-08-14,Rent,360,370
2023-08-14,Utilities,438,429
2023-08-14,Marketing,136,123
2023-08-15,Coffee Sales,562,509
2023-08-15,Food Sales,411,412
2023-08-15,Ingredients Cost,279,266
2023-08-15,Labor,453,496
2023-08-15,Rent,466,437
2023-08-15,Utilities,349,333
2023-08-15,Marketing,159,157
2023-08-16,Coffee Sales,550,524
2023-08-16,Food Sales,632,688
2023-08-16,Ingredients Cost,252,270
2023-08-16,Labor,176,161
2023-08-16,Rent,218,211
2023-08-16,Utilities,102,108
2023-08-16,Marketing,210,210
2023-08-17,Coffee Sales,492,497
2023-08-17,Food Sales,735,746
2023-08-17,Ingredients Cost,281,268
2023-08-17,Labor,107,114
2023-08-17,Rent,371,339
2023-08-17,Utilities,452,411
2023-08-17,Marketing,394,365
2023-08-18,Coffee Sales,848,880
2023-08-18,Food Sales,369,396
2023-08-18,Ingredients Cost,287,289
2023-08-18,Labor,132,125
2023-08-18,Rent,239,242
2023-08-18,Utilities,258,276
2023-08-18,Marketing,101,96
2023-08-19,Coffee Sales,796,808
2023-08-19,Food Sales,793,848
2023-08-19,Ingredients Cost,303,281
2023-08-19,Labor,147,161
2023-08-19,Rent,373,342
2023-08-19,Utilities,372,335
2023-08-19,Marketing,170,178
2023-08-20,Coffee Sales,823,842
2023-08-20,Food Sales,779,849
2023-08-20,Ingredients Cost,140,132
2023-08-20,Labor,490,497
2023-08-20,Rent,446,449
2023-08-20,Utilities,475,511
2023-08-20,Marketing,414,391
2023-08-21,Coffee Sales,887,908
2023-08-21,Food Sales,282,280
2023-08-21,Ingredients Cost,428,389
2023-08-21,Labor,178,160
2023-08-21,Rent,377,374
2023-08-21,Utilities,286,302
2023-08-21,Marketing,238,246
2023-08-22,Coffee Sales,552,555
2023-08-22,Food Sales,822,783
2023-08-22,Ingredients Cost,335,336
2023-08-22,Labor,334,364
2023-08-22,Rent,109,101
2023-08-22,Utilities,186,171
2023-08-22,Marketing,348,361
2023-08-23,Coffee Sales,865,861
2023-08-23,Food Sales,731,781
2023-08-23,Ingredients Cost,401,387
2023-08-23,Labor,267,261
2023-08-23,Rent,389,376
2023-08-23,Utilities,495,514
2023-08-23,Marketing,304,319
2023-08-24,Coffee Sales,386,372
2023-08-24,Food Sales,725,689
2023-08-24,Ingredients Cost,326,323
2023-08-24,Labor,486,516
2023-08-24,Rent,351,330
2023-08-24,Utilities,366,370
2023-08-24,Marketing,382,395
2023-08-25,Coffee Sales,569,568
2023-08-25,Food Sales,207,195
2023-08-25,Ingredients Cost,231,209
2023-08-25,Labor,472,448
2023-08-25,Rent,132,140
2023-08-25,Utilities,482,450
2023-08-25,Marketing,234,226
2023-08-26,Coffee Sales,707,670
2023-08-26,Food Sales,203,203
2023-08-26,Ingredients Cost,101,100
2023-08-26,Labor,191,184
2023-08-26,Rent,466,509
2023-08-26,Utilities,492,500
2023-08-26,Marketing,474,507
2023-08-27,Coffee Sales,554,570
2023-08-27,Food Sales,568,623
2023-08-27,Ingredients Cost,180,173
2023-08-27,Labor,443,462
2023-08-27,Rent,319,293
2023-08-27,Utilities,270,285
2023-08-27,Marketing,382,406
2023-08-28,Coffee Sales,673,667
2023-08-28,Food Sales,918,917
2023-08-28,Ingredients Cost,165,176
2023-08-28,Labor,381,350
2023-08-28,Rent,208,205
2023-08-28,Utilities,379,378
2023-08-28,Marketing,133,123
2023-08-29,Coffee Sales,953,964
2023-08-29,Food Sales,988,1009
2023-08-29,Ingredients Cost,454,497
2023-08-29,Labor,214,229
2023-08-29,Rent,148,142
2023-08-29,Utilities,264,238
2023-08-29,Marketing,388,424
2023-08-30,Coffee Sales,838,812
2023-08-30,Food Sales,388,377
2023-08-30,Ingredients Cost,294,289
2023-08-30,Labor,500,510
2023-08-30,Rent,222,206
2023-08-30,Utilities,264,242
2023-08-30,Marketing,464,444
2023-08-31,Coffee Sales,268,293
2023-08-31,Food Sales,361,348
2023-08-31,Ingredients Cost,356,358
2023-08-31,Labor,286,288
2023-08-31,Rent,275,263
2023-08-31,Utilities,336,361
2023-08-31,Marketing,455,462
2023-09-01,Coffee Sales,735,732
2023-09-01,Food Sales,290,314
2023-09-01,Ingredients Cost,244,227
2023-09-01,Labor,432,408
2023-09-01,Rent,175,177
2023-09-01,Utilities,142,152
2023-09-01,Marketing,195,197
2023-09-02,Coffee Sales,416,420
2023-09-02,Food Sales,267,260
2023-09-02,Ingredients Cost,178,184
2023-09-02,Labor,205,216
2023-09-02,Rent,332,318
2023-09-02,Utilities,161,166
2023-09-02,Marketing,376,413
2023-09-03,Coffee Sales,344,326
2023-09-03,Food Sales,915,855
2023-09-03,Ingredients Cost,239,242
2023-09-03,Labor,464,453
2023-09-03,Rent,331,359
2023-09-03,Utilities,291,319
2023-09-03,Marketing,429,396
2023-09-04,Coffee Sales,486,472
2023-09-04,Food Sales,883,894
2023-09-04,Ingredients Cost,405,396
2023-09-04,Labor,382,362
2023-09-04,Rent,382,393
2023-09-04,Utilities,342,332
2023-09-04,Marketing,349,347
2023-09-05,Coffee Sales,353,377
2023-09-05,Food Sales,389,367
2023-09-05,Ingredients Cost,218,207
2023-09-05,Labor,211,217
2023-09-05,Rent,401,377
2023-09-05,Utilities,485,469
2023-09-05,Marketing,267,265
2023-09-06,Coffee Sales,541,580
2023-09-06,Food Sales,339,315
2023-09-06,Ingredients Cost,310,289
2023-09-06,Labor,110,103
2023-09-06,Rent,303,309
2023-09-06,Utilities,121,113
2023-09-06,Marketing,391,381
2023-09-07,Coffee Sales,946,852
2023-09-07,Food Sales,739,673
2023-09-07,Ingredients Cost,255,264
2023-09-07,Labor,207,194
2023-09-07,Rent,446,471
2023-09-07,Utilities,216,216
2023-09-07,Marketing,344,360
2023-09-08,Coffee Sales,874,913
2023-09-08,Food Sales,324,344
2023-09-08,Ingredients Cost,310,296
2023-09-08,Labor,352,383
2023-09-08,Rent,374,387
2023-09-08,Utilities,335,345
2023-09-08,Marketing,325,357
2023-09-09,Coffee Sales,553,509
2023-09-09,Food Sales,433,458
2023-09-09,Ingredients Cost,317,314
2023-09-09,Labor,452,461
2023-09-09,Rent,146,132
2023-09-09,Utilities,399,402
2023-09-09,Marketing,446,456
2023-09-10,Coffee Sales,624,587
2023-09-10,Food Sales,804,744
2023-09-10,Ingredients Cost,458,485
2023-09-10,Labor,351,380
2023-09-10,Rent,126,123
2023-09-10,Utilities,432,426
2023-09-10,Marketing,350,317
2023-09-11,Coffee Sales,666,710
2023-09-11,Food Sales,826,773
2023-09-11,Ingredients Cost,439,399
2023-09-11,Labor,202,220
2023-09-11,Rent,367,390
2023-09-11,Utilities,490,535
2023-09-11,Marketing,211,199
2023-09-12,Coffee Sales,631,628
2023-09-12,Food Sales,664,725
2023-09-12,Ingredients Cost,167,180
2023-09-12,Labor,481,521
2023-09-12,Rent,174,174
2023-09-12,Utilities,350,382
2023-09-12,Marketing,388,409
2023-09-13,Coffee Sales,324,342
2023-09-13,Food Sales,355,335
2023-09-13,Ingredients Cost,137,142
2023-09-13,Labor,109,107
2023-09-13,Rent,264,261
2023-09-13,Utilities,247,260
2023-09-13,Marketing,251,237
2023-09-14,Coffee Sales,504,534
2023-09-14,Food Sales,358,323
2023-09-14,Ingredients Cost,128,125
2023-09-14,Labor,105,105
2023-09-14,Rent,247,246
2023-09-14,Utilities,215,196
2023-09-14,Marketing,271,277
2023-09-15,Coffee Sales,859,894
2023-09-15,Food Sales,554,524
2023-09-15,Ingredients Cost,469,474
2023-09-15,Labor,152,160
2023-09-15,Rent,414,380
2023-09-15,Utilities,240,261
2023-09-15,Marketing,395,359
2023-09-16,Coffee Sales,334,347
2023-09-16,Food Sales,526,513
2023-09-16,Ingredients Cost,233,246
2023-09-16,Labor,402,435
2023-09-16,Rent,486,468
2023-09-16,Utilities,363,359
2023-09-16,Marketing,175,170
2023-09-17,Coffee Sales,272,279
2023-09-17,Food Sales,911,940
2023-09-17,Ingredients Cost,400,391
2023-09-17,Labor,126,126
2023-09-17,Rent,369,350
2023-09-17,Utilities,299,328
2023-09-17,Marketing,254,260
2023-09-18,Coffee Sales,256,263
2023-09-18,Food Sales,614,605
2023-09-18,Ingredients Cost,425,443
2023-09-18,Labor,484,501
2023-09-18,Rent,380,368
2023-09-18,Utilities,279,251
2023-09-18,Marketing,251,226
2023-09-19,Coffee Sales,905,835
2023-09-19,Food Sales,476,507
2023-09-19,Ingredients Cost,476,434
2023-09-19,Labor,461,495
2023-09-19,Rent,192,207
2023-09-19,Utilities,378,350
2023-09-19,Marketing,278,288
2023-09-20,Coffee Sales,294,286
2023-09-20,Food Sales,502,506
2023-09-20,Ingredients Cost,452,491
2023-09-20,Labor,489,460
2023-09-20,Rent,303,323
2023-09-20,Utilities,274,278
2023-09-20,Marketing,454,444
2023-09-21,Coffee Sales,865,805
2023-09-21,Food Sales,804,756
2023-09-21,Ingredients Cost,439,439
2023-09-21,Labor,184,188
2023-09-21,Rent,458,459
2023-09-21,Utilities,348,315
2023-09-21,Marketing,200,188
2023-09-22,Coffee Sales,369,376
2023-09-22,Food Sales,339,356
2023-09-22,Ingredients Cost,319,338
2023-09-22,Labor,141,135
2023-09-22,Rent,355,340
2023-09-22,Utilities,438,402
2023-09-22,Marketing,238,251
2023-09-23,Coffee Sales,272,284
2023-09-23,Food Sales,912,973
2023-09-23,Ingredients Cost,270,262
2023-09-23,Labor,489,491
2023-09-23,Rent,313,287
2023-09-23,Utilities,189,175
2023-09-23,Marketing,168,156
2023-09-24,Coffee Sales,706,674
2023-09-24,Food Sales,348,379
2023-09-24,Ingredients Cost,275,267
2023-09-24,Labor,417,382
2023-09-24,Rent,232,221
2023-09-24,Utilities,138,131
2023-09-24,Marketing,433,455
2023-09-25,Coffee Sales,807,827
2023-09-25,Food Sales,707,659
2023-09-25,Ingredients Cost,479,482
2023-09-25,Labor,428,386
2023-09-25,Rent,278,291
2023-09-25,Utilities,226,220
2023-09-25,Marketing,182,168
2023-09-26,Coffee Sales,638,649
2023-09-26,Food Sales,986,983
2023-09-26,Ingredients Cost,367,379
2023-09-26,Labor,383,379
2023-09-26,Rent,351,335
2023-09-26,Utilities,437,401
2023-09-26,Marketing,435,476
2023-09-27,Coffee Sales,783,784
2023-09-27,Food Sales,479,477
2023-09-27,Ingredients Cost,157,142
2023-09-27,Labor,399,438
2023-09-27,Rent,419,382
2023-09-27,Utilities,136,144
2023-09-27,Marketing,428,412
2023-09-28,Coffee Sales,238,247
2023-09-28,Food Sales,408,414
2023-09-28,Ingredients Cost,331,362
2023-09-28,Labor,333,360
2023-09-28,Rent,163,167
2023-09-28,Utilities,379,399
2023-09-28,Marketing,375,338
2023-09-29,Coffee Sales,585,600
2023-09-29,Food Sales,554,588
2023-09-29,Ingredients Cost,297,270
2023-09-29,Labor,480,500
2023-09-29,Rent,284,267
2023-09-29,Utilities,148,156
2023-09-29,Marketing,404,400
2023-09-30,Coffee Sales,710,711
2023-09-30,Food Sales,494,454
2023-09-30,Ingredients Cost,213,229
2023-09-30,Labor,230,224
2023-09-30,Rent,391,395
2023-09-30,Utilities,243,260
2023-09-30,Marketing,405,440
2023-10-01,Coffee Sales,896,951
2023-10-01,Food Sales,428,387
2023-10-01,Ingredients Cost,225,241
2023-10-01,Labor,478,497
2023-10-01,Rent,359,364
2023-10-01,Utilities,419,405
2023-10-01,Marketing,147,139
2023-10-02,Coffee Sales,440,402
2023-10-02,Food Sales,575,580
2023-10-02,Ingredients Cost,242,255
2023-10-02,Labor,262,262
2023-10-02,Rent,341,354
2023-10-02,Utilities,203,197
2023-10-02,Marketing,232,210
2023-10-03,Coffee Sales,993,972
2023-10-03,Food Sales,481,527
2023-10-03,Ingredients Cost,357,349
2023-10-03,Labor,318,292
2023-10-03,Rent,175,171
2023-10-03,Utilities,275,248
2023-10-03,Marketing,494,466
2023-10-04,Coffee Sales,469,495
2023-10-04,Food Sales,789,854
2023-10-04,Ingredients Cost,469,485
2023-10-04,Labor,297,273
2023-10-04,Rent,202,219
2023-10-04,Utilities,210,216
2023-10-04,Marketing,413,417
2023-10-05,Coffee Sales,950,855
2023-10-05,Food Sales,337,366
2023-10-05,Ingredients Cost,453,445
2023-10-05,Labor,353,379
2023-10-05,Rent,162,164
2023-10-05,Utilities,484,512
2023-10-05,Marketing,155,169
2023-10-06,Coffee Sales,891,916
2023-10-06,Food Sales,700,723
2023-10-06,Ingredients Cost,219,204
2023-10-06,Labor,265,252
2023-10-06,Rent,230,233
2023-10-06,Utilities,144,138
2023-10-06,Marketing,375,373
2023-10-07,Coffee Sales,714,733
2023-10-07,Food Sales,371,338
2023-10-07,Ingredients Cost,152,145
2023-10-07,Labor,177,190
2023-10-07,Rent,388,377
2023-10-07,Utilities,302,285
2023-10-07,Marketing,131,131
2023-10-08,Coffee Sales,265,244
2023-10-08,Food Sales,250,240
2023-10-08,Ingredients Cost,204,196
2023-10-08,Labor,290,275
2023-10-08,Rent,366,384
2023-10-08,Utilities,419,413
2023-10-08,Marketing,305,319
2023-10-09,Coffee Sales,873,893
2023-10-09,Food Sales,257,239
2023-10-09,Ingredients Cost,479,484
2023-10-09,Labor,160,173
2023-10-09,Rent,465,478
2023-10-09,Utilities,182,196
2023-10-09,Marketing,323,347
2023-10-10,Coffee Sales,438,446
2023-10-10,Food Sales,565,542
2023-10-10,Ingredients Cost,444,452
2023-10-10,Labor,130,126
2023-10-10,Rent,108,115
2023-10-10,Utilities,216,196
2023-10-10,Marketing,262,265
2023-10-11,Coffee Sales,753,819
2023-10-11,Food Sales,259,245
2023-10-11,Ingredients Cost,228,217
2023-10-11,Labor,403,406
2023-10-11,Rent,344,374
2023-10-11,Utilities,458,414
2023-10-11,Marketing,436,393
2023-10-12,Coffee Sales,739,811
2023-10-12,Food Sales,290,280
2023-10-12,Ingredients Cost,277,285
2023-10-12,Labor,242,248
2023-10-12,Rent,282,295
2023-10-12,Utilities,143,137
2023-10-12,Marketing,220,211
2023-10-13,Coffee Sales,733,749
2023-10-13,Food Sales,709,727
2023-10-13,Ingredients Cost,213,198
2023-10-13,Labor,388,354
2023-10-13,Rent,262,268
2023-10-13,Utilities,155,142
2023-10-13,Marketing,314,327
2023-10-14,Coffee Sales,321,294
2023-10-14,Food Sales,785,748
2023-10-14,Ingredients Cost,147,155
2023-10-14,Labor,485,529
2023-10-14,Rent,385,407
2023-10-14,Utilities,244,239
2023-10-14,Marketing,216,202
2023-10-15,Coffee Sales,651,619
2023-10-15,Food Sales,782,834
2023-10-15,Ingredients Cost,426,415
2023-10-15,Labor,381,402
2023-10-15,Rent,160,152
2023-10-15,Utilities,137,135
2023-10-15,Marketing,115,125
2023-10-16,Coffee Sales,583,573
2023-10-16,Food Sales,528,569
2023-10-16,Ingredients Cost,342,363
2023-10-16,Labor,225,231
2023-10-16,Rent,170,164
2023-10-16,Utilities,246,240
2023-10-16,Marketing,268,255
2023-10-17,Coffee Sales,536,548
2023-10-17,Food Sales,529,507
2023-10-17,Ingredients Cost,175,190
2023-10-17,Labor,255,241
2023-10-17,Rent,403,440
2023-10-17,Utilities,119,108
2023-10-17,Marketing,209,227
2023-10-18,Coffee Sales,667,612
2023-10-18,Food Sales,830,750
2023-10-18,Ingredients Cost,353,341
2023-10-18,Labor,125,112
2023-10-18,Rent,139,148
2023-10-18,Utilities,286,290
2023-10-18,Marketing,406,438
2023-10-19,Coffee Sales,733,744
2023-10-19,Food Sales,885,894
2023-10-19,Ingredients Cost,155,170
2023-10-19,Labor,374,384
2023-10-19,Rent,187,199
2023-10-19,Utilities,273,246
2023-10-19,Marketing,467,442
2023-10-20,Coffee Sales,748,737
2023-10-20,Food Sales,641,674
2023-10-20,Ingredients Cost,217,206
2023-10-20,Labor,435,406
2023-10-20,Rent,228,212
2023-10-20,Utilities,197,200
2023-10-20,Marketing,334,332
2023-10-21,Coffee Sales,284,279
2023-10-21,Food Sales,851,840
2023-10-21,Ingredients Cost,347,361
2023-10-21,Labor,195,208
2023-10-21,Rent,124,132
2023-10-21,Utilities,488,486
2023-10-21,Marketing,375,365
2023-10-22,Coffee Sales,467,445
2023-10-22,Food Sales,669,620
2023-10-22,Ingredients Cost,126,118
2023-10-22,Labor,407,420
2023-10-22,Rent,261,268
2023-10-22,Utilities,193,186
2023-10-22,Marketing,123,117
2023-10-23,Coffee Sales,226,212
2023-10-23,Food Sales,815,805
2023-10-23,Ingredients Cost,274,288
2023-10-23,Labor,384,364
2023-10-23,Rent,257,268
2023-10-23,Utilities,396,378
2023-10-23,Marketing,228,230
2023-10-24,Coffee Sales,900,846
2023-10-24,Food Sales,575,524
2023-10-24,Ingredients Cost,471,443
2023-10-24,Labor,446,446
2023-10-24,Rent,401,401
2023-10-24,Utilities,401,366
2023-10-24,Marketing,201,197
2023-10-25,Coffee Sales,570,566
2023-10-25,Food Sales,241,255
2023-10-25,Ingredients Cost,299,297
2023-10-25,Labor,181,191
2023-10-25,Rent,101,91
2023-10-25,Utilities,492,497
2023-10-25,Marketing,172,166
2023-10-26,Coffee Sales,491,512
2023-10-26,Food Sales,484,528
2023-10-26,Ingredients Cost,249,265
2023-10-26,Labor,326,320
2023-10-26,Rent,244,223
2023-10-26,Utilities,310,324
2023-10-26,Marketing,373,381
2023-10-27,Coffee Sales,432,450
2023-10-27,Food Sales,529,500
2023-10-27,Ingredients Cost,232,211
2023-10-27,Labor,271,257
2023-10-27,Rent,309,305
2023-10-27,Utilities,250,246
2023-10-27,Marketing,496,485
2023-10-28,Coffee Sales,763,694
2023-10-28,Food Sales,753,684
2023-10-28,Ingredients Cost,302,319
2023-10-28,Labor,288,313
2023-10-28,Rent,138,145
2023-10-28,Utilities,181,190
2023-10-28,Marketing,104,108
2023-10-29,Coffee Sales,897,920
2023-10-29,Food Sales,588,631
2023-10-29,Ingredients Cost,247,229
2023-10-29,Labor,368,341
2023-10-29,Rent,257,241
2023-10-29,Utilities,189,204
2023-10-29,Marketing,453,483
2023-10-30,Coffee Sales,661,656
2023-10-30,Food Sales,251,253
2023-10-30,Ingredients Cost,496,460
2023-10-30,Labor,489,512
2023-10-30,Rent,295,277
2023-10-30,Utilities,259,245
2023-10-30,Marketing,471,458
2023-10-31,Coffee Sales,582,612
2023-10-31,Food Sales,808,754
2023-10-31,Ingredients Cost,105,94
2023-10-31,Labor,253,247
2023-10-31,Rent,425,444
2023-10-31,Utilities,191,199
2023-10-31,Marketing,211,191
2023-11-01,Coffee Sales,551,570
2023-11-01,Food Sales,236,220
2023-11-01,Ingredients Cost,218,228
2023-11-01,Labor,164,151
2023-11-01,Rent,257,264
2023-11-01,Utilities,418,444
2023-11-01,Marketing,472,474
2023-11-02,Coffee Sales,651,693
2023-11-02,Food Sales,766,818
2023-11-02,Ingredients Cost,225,244
2023-11-02,Labor,124,114
2023-11-02,Rent,453,453
2023-11-02,Utilities,200,207
2023-11-02,Marketing,485,501
2023-11-03,Coffee Sales,412,383
2023-11-03,Food Sales,371,356
2023-11-03,Ingredients Cost,338,318
2023-11-03,Labor,489,447
2023-11-03,Rent,255,235
2023-11-03,Utilities,370,379
2023-11-03,Marketing,134,133
2023-11-04,Coffee Sales,429,430
2023-11-04,Food Sales,477,458
2023-11-04,Ingredients Cost,171,161
2023-11-04,Labor,304,274
2023-11-04,Rent,275,262
2023-11-04,Utilities,379,363
2023-11-04,Marketing,275,282
2023-11-05,Coffee Sales,611,573
2023-11-05,Food Sales,369,382
2023-11-05,Ingredients Cost,321,350
2023-11-05,Labor,455,457
2023-11-05,Rent,179,194
2023-11-05,Utilities,436,400
2023-11-05,Marketing,252,261
2023-11-06,Coffee Sales,483,512
2023-11-06,Food Sales,283,278
2023-11-06,Ingredients Cost,150,163
2023-11-06,Labor,419,380
2023-11-06,Rent,270,270
2023-11-06,Utilities,197,180
2023-11-06,Marketing,189,176
2023-11-07,Coffee Sales,408,410
2023-11-07,Food Sales,798,805
2023-11-07,Ingredients Cost,281,304
2023-11-07,Labor,440,452
2023-11-07,Rent,268,274
2023-11-07,Utilities,210,213
2023-11-07,Marketing,394,413
2023-11-08,Coffee Sales,274,291
2023-11-08,Food Sales,458,437
2023-11-08,Ingredients Cost,241,221
2023-11-08,Labor,341,320
2023-11-08,Rent,199,201
2023-11-08,Utilities,217,197
2023-11-08,Marketing,364,353
2023-11-09,Coffee Sales,917,830
2023-11-09,Food Sales,836,753
2023-11-09,Ingredients Cost,132,125
2023-11-09,Labor,177,162
2023-11-09,Rent,349,375
2023-11-09,Utilities,160,146
2023-11-09,Marketing,226,217
2023-11-10,Coffee Sales,898,931
2023-11-10,Food Sales,737,753
2023-11-10,Ingredients Cost,164,178
2023-11-10,Labor,154,168
2023-11-10,Rent,489,495
2023-11-10,Utilities,403,403
2023-11-10,Marketing,108,102
2023-11-11,Coffee Sales,421,433
2023-11-11,Food Sales,951,970
2023-11-11,Ingredients Cost,328,332
2023-11-11,Labor,368,404
2023-11-11,Rent,460,417
2023-11-11,Utilities,219,208
2023-11-11,Marketing,319,309
2023-11-12,Coffee Sales,894,860
2023-11-12,Food Sales,233,228
2023-11-12,Ingredients Cost,236,258
2023-11-12,Labor,455,483
2023-11-12,Rent,270,278
2023-11-12,Utilities,392,384
2023-11-12,Marketing,189,204
2023-11-13,Coffee Sales,279,284
2023-11-13,Food Sales,575,627
2023-11-13,Ingredients Cost,469,429
2023-11-13,Labor,336,358
2023-11-13,Rent,181,176
2023-11-13,Utilities,188,199
2023-11-13,Marketing,231,213
2023-11-14,Coffee Sales,838,845
2023-11-14,Food Sales,407,385
2023-11-14,Ingredients Cost,393,376
2023-11-14,Labor,438,417
2023-11-14,Rent,299,292
2023-11-14,Utilities,236,221
2023-11-14,Marketing,178,187
2023-11-15,Coffee Sales,993,1072
2023-11-15,Food Sales,465,468
2023-11-15,Ingredients Cost,448,427
2023-11-15,Labor,454,418
2023-11-15,Rent,493,537
2023-11-15,Utilities,280,292
2023-11-15,Marketing,417,384
2023-11-16,Coffee Sales,369,345
2023-11-16,Food Sales,650,589
2023-11-16,Ingredients Cost,476,496
2023-11-16,Labor,438,470
2023-11-16,Rent,371,344
2023-11-16,Utilities,488,510
2023-11-16,Marketing,101,90
2023-11-17,Coffee Sales,346,322
2023-11-17,Food Sales,919,932
2023-11-17,Ingredients Cost,355,355
2023-11-17,Labor,469,457
2023-11-17,Rent,170,178
2023-11-17,Utilities,169,179
2023-11-17,Marketing,456,488
2023-11-18,Coffee Sales,355,335
2023-11-18,Food Sales,462,449
2023-11-18,Ingredients Cost,277,286
2023-11-18,Labor,413,398
2023-11-18,Rent,184,190
2023-11-18,Utilities,104,94
2023-11-18,Marketing,214,225
2023-11-19,Coffee Sales,284,299
2023-11-19,Food Sales,815,774
2023-11-19,Ingredients Cost,196,202
2023-11-19,Labor,357,347
2023-11-19,Rent,210,201
2023-11-19,Utilities,292,284
2023-11-19,Marketing,181,194
2023-11-20,Coffee Sales,880,915
2023-11-20,Food Sales,524,496
2023-11-20,Ingredients Cost,200,189
2023-11-20,Labor,358,345
2023-11-20,Rent,196,192
2023-11-20,Utilities,181,178
2023-11-20,Marketing,254,277
2023-11-21,Coffee Sales,319,308
2023-11-21,Food Sales,651,621
2023-11-21,Ingredients Cost,311,297
2023-11-21,Labor,314,320
2023-11-21,Rent,101,92
2023-11-21,Utilities,152,137
2023-11-21,Marketing,174,183
2023-11-22,Coffee Sales,478,486
2023-11-22,Food Sales,948,964
2023-11-22,Ingredients Cost,243,266
2023-11-22,Labor,172,182
2023-11-22,Rent,224,226
2023-11-22,Utilities,154,141
2023-11-22,Marketing,476,504
2023-11-23,Coffee Sales,573,549
2023-11-23,Food Sales,279,254
2023-11-23,Ingredients Cost,408,386
2023-11-23,Labor,334,343
2023-11-23,Rent,391,412
2023-11-23,Utilities,243,245
2023-11-23,Marketing,138,150
2023-11-24,Coffee Sales,723,666
2023-11-24,Food Sales,256,269
2023-11-24,Ingredients Cost,308,277
2023-11-24,Labor,399,372
2023-11-24,Rent,106,104
2023-11-24,Utilities,273,271
2023-11-24,Marketing,248,259
2023-11-25,Coffee Sales,698,659
2023-11-25,Food Sales,963,948
2023-11-25,Ingredients Cost,187,181
2023-11-25,Labor,155,163
2023-11-25,Rent,404,378
2023-11-25,Utilities,165,173
2023-11-25,Marketing,199,209
2023-11-26,Coffee Sales,872,800
2023-11-26,Food Sales,446,459
2023-11-26,Ingredients Cost,359,350
2023-11-26,Labor,263,260
2023-11-26,Rent,371,376
2023-11-26,Utilities,389,388
2023-11-26,Marketing,404,365
2023-11-27,Coffee Sales,224,216
2023-11-27,Food Sales,604,551
2023-11-27,Ingredients Cost,277,260
2023-11-27,Labor,394,410
2023-11-27,Rent,482,447
2023-11-27,Utilities,147,152
2023-11-27,Marketing,353,363
2023-11-28,Coffee Sales,860,822
2023-11-28,Food Sales,721,725
2023-11-28,Ingredients Cost,272,271
2023-11-28,Labor,307,322
2023-11-28,Rent,302,289
2023-11-28,Utilities,352,329
2023-11-28,Marketing,233,244
2023-11-29,Coffee Sales,562,604
2023-11-29,Food Sales,251,268
2023-11-29,Ingredients Cost,247,264
2023-11-29,Labor,131,139
2023-11-29,Rent,110,100
2023-11-29,Utilities,496,466
2023-11-29,Marketing,394,408
2023-11-30,Coffee Sales,632,581
2023-11-30,Food Sales,222,210
2023-11-30,Ingredients Cost,376,342
2023-11-30,Labor,227,223
2023-11-30,Rent,121,116
2023-11-30,Utilities,324,307
2023-11-30,Marketing,106,109
2023-12-01,Coffee Sales,706,709
2023-12-01,Food Sales,781,823
2023-12-01,Ingredients Cost,343,354
2023-12-01,Labor,318,289
2023-12-01,Rent,500,514
2023-12-01,Utilities,291,282
2023-12-01,Marketing,274,269
2023-12-02,Coffee Sales,919,971
2023-12-02,Food Sales,256,276
2023-12-02,Ingredients Cost,267,271
2023-12-02,Labor,178,192
2023-12-02,Rent,267,252
2023-12-02,Utilities,206,222
2023-12-02,Marketing,341,313
2023-12-03,Coffee Sales,359,371
2023-12-03,Food Sales,933,935
2023-12-03,Ingredients Cost,422,437
2023-12-03,Labor,142,145
2023-12-03,Rent,224,231
2023-12-03,Utilities,166,159
2023-12-03,Marketing,406,367
2023-12-04,Coffee Sales,830,848
2023-12-04,Food Sales,463,418
2023-12-04,Ingredients Cost,286,293
2023-12-04,Labor,434,448
2023-12-04,Rent,363,379
2023-12-04,Utilities,324,352
2023-12-04,Marketing,167,172
2023-12-05,Coffee Sales,808,831
2023-12-05,Food Sales,666,652
2023-12-05,Ingredients Cost,500,531
2023-12-05,Labor,438,441
2023-12-05,Rent,351,378
2023-12-05,Utilities,342,325
2023-12-05,Marketing,223,224
2023-12-06,Coffee Sales,229,241
2023-12-06,Food Sales,448,423
2023-12-06,Ingredients Cost,215,196
2023-12-06,Labor,294,285
2023-12-06,Rent,219,197
2023-12-06,Utilities,124,130
2023-12-06,Marketing,172,185
2023-12-07,Coffee Sales,884,833
2023-12-07,Food Sales,278,292
2023-12-07,Ingredients Cost,116,118
2023-12-07,Labor,362,338
2023-12-07,Rent,126,138
2023-12-07,Utilities,214,198
2023-12-07,Marketing,364,393
2023-12-08,Coffee Sales,402,373
2023-12-08,Food Sales,462,422
2023-12-08,Ingredients Cost,279,268
2023-12-08,Labor,203,215
2023-12-08,Rent,468,498
2023-12-08,Utilities,170,176
2023-12-08,Marketing,419,382
2023-12-09,Coffee Sales,552,564
2023-12-09,Food Sales,853,793
2023-12-09,Ingredients Cost,389,422
2023-12-09,Labor,114,123
2023-12-09,Rent,301,291
2023-12-09,Utilities,162,177
2023-12-09,Marketing,402,375
2023-12-10,Coffee Sales,911,889
2023-12-10,Food Sales,319,289
2023-12-10,Ingredients Cost,417,440
2023-12-10,Labor,161,160
2023-12-10,Rent,187,196
2023-12-10,Utilities,167,168
2023-12-10,Marketing,493,507
2023-12-11,Coffee Sales,329,329
2023-12-11,Food Sales,337,352
2023-12-11,Ingredients Cost,392,420
2023-12-11,Labor,156,148
2023-12-11,Rent,112,104
2023-12-11,Utilities,445,469
2023-12-11,Marketing,178,163
2023-12-12,Coffee Sales,416,456
2023-12-12,Food Sales,509,528
2023-12-12,Ingredients Cost,440,401
2023-12-12,Labor,305,290
2023-12-12,Rent,169,156
2023-12-12,Utilities,344,351
2023-12-12,Marketing,358,327
2023-12-13,Coffee Sales,481,484
2023-12-13,Food Sales,770,772
2023-12-13,Ingredients Cost,348,355
2023-12-13,Labor,119,115
2023-12-13,Rent,201,186
2023-12-13,Utilities,227,233
2023-12-13,Marketing,262,283
2023-12-14,Coffee Sales,870,893
2023-12-14,Food Sales,342,325
2023-12-14,Ingredients Cost,290,317
2023-12-14,Labor,483,530
2023-12-14,Rent,199,191
2023-12-14,Utilities,166,150
2023-12-14,Marketing,278,294
2023-12-15,Coffee Sales,628,600
2023-12-15,Food Sales,257,276
2023-12-15,Ingredients Cost,220,199
2023-12-15,Labor,114,119
2023-12-15,Rent,204,198
2023-12-15,Utilities,417,397
2023-12-15,Marketing,496,530
2023-12-16,Coffee Sales,569,554
2023-12-16,Food Sales,569,517
2023-12-16,Ingredients Cost,301,295
2023-12-16,Labor,138,151
2023-12-16,Rent,276,276
2023-12-16,Utilities,391,403
2023-12-16,Marketing,165,149
2023-12-17,Coffee Sales,298,293
2023-12-17,Food Sales,569,532
2023-12-17,Ingredients Cost,224,236
2023-12-17,Labor,235,246
2023-12-17,Rent,395,359
2023-12-17,Utilities,421,455
2023-12-17,Marketing,208,213
2023-12-18,Coffee Sales,322,299
2023-12-18,Food Sales,831,821
2023-12-18,Ingredients Cost,164,147
2023-12-18,Labor,319,320
2023-12-18,Rent,291,292
2023-12-18,Utilities,415,442
2023-12-18,Marketing,352,333
2023-12-19,Coffee Sales,696,758
2023-12-19,Food Sales,496,455
2023-12-19,Ingredients Cost,139,133
2023-12-19,Labor,447,482
2023-12-19,Rent,356,390
2023-12-19,Utilities,426,407
2023-12-19,Marketing,485,499
2023-12-20,Coffee Sales,632,643
2023-12-20,Food Sales,354,334
2023-12-20,Ingredients Cost,441,408
2023-12-20,Labor,177,176
2023-12-20,Rent,118,129
2023-12-20,Utilities,492,478
2023-12-20,Marketing,212,206
2023-12-21,Coffee Sales,301,297
2023-12-21,Food Sales,638,663
2023-12-21,Ingredients Cost,343,351
2023-12-21,Labor,317,324
2023-12-21,Rent,197,183
2023-12-21,Utilities,181,166
2023-12-21,Marketing,493,448
2023-12-22,Coffee Sales,233,246
2023-12-22,Food Sales,883,930
2023-12-22,Ingredients Cost,421,386
2023-12-22,Labor,350,346
2023-12-22,Rent,441,415
2023-12-22,Utilities,344,331
2023-12-22,Marketing,138,150
2023-12-23,Coffee Sales,586,572
2023-12-23,Food Sales,229,221
2023-12-23,Ingredients Cost,219,232
2023-12-23,Labor,113,110
2023-12-23,Rent,236,219
2023-12-23,Utilities,310,332
2023-12-23,Marketing,278,264
2023-12-24,Coffee Sales,245,257
2023-12-24,Food Sales,860,874
2023-12-24,Ingredients Cost,307,302
2023-12-24,Labor,175,159
2023-12-24,Rent,497,474
2023-12-24,Utilities,485,506
2023-12-24,Marketing,467,440
2023-12-25,Coffee Sales,745,802
2023-12-25,Food Sales,276,252
2023-12-25,Ingredients Cost,266,241
2023-12-25,Labor,307,331
2023-12-25,Rent,370,390
2023-12-25,Utilities,307,316
2023-12-25,Marketing,139,138
2023-12-26,Coffee Sales,211,221
2023-12-26,Food Sales,873,853
2023-12-26,Ingredients Cost,180,173
2023-12-26,Labor,343,331
2023-12-26,Rent,174,160
2023-12-26,Utilities,278,283
2023-12-26,Marketing,149,138
2023-12-27,Coffee Sales,812,783
2023-12-27,Food Sales,601,649
2023-12-27,Ingredients Cost,167,155
2023-12-27,Labor,251,236
2023-12-27,Rent,170,165
2023-12-27,Utilities,107,99
2023-12-27,Marketing,254,269
2023-12-28,Coffee Sales,330,344
2023-12-28,Food Sales,979,955
2023-12-28,Ingredients Cost,379,374
2023-12-28,Labor,282,259
2023-12-28,Rent,133,134
2023-12-28,Utilities,165,171
2023-12-28,Marketing,298,282
2023-12-29,Coffee Sales,374,358
2023-12-29,Food Sales,702,635
2023-12-29,Ingredients Cost,258,247
2023-12-29,Labor,290,265
2023-12-29,Rent,428,426
2023-12-29,Utilities,180,178
2023-12-29,Marketing,462,418
2023-12-30,Coffee Sales,827,771
2023-12-30,Food Sales,536,536
2023-12-30,Ingredients Cost,352,321
2023-12-30,Labor,370,403
2023-12-30,Rent,332,327
2023-12-30,Utilities,194,209
2023-12-30,Marketing,135,134
2023-12-31,Coffee Sales,593,593
2023-12-31,Food Sales,670,684
2023-12-31,Ingredients Cost,452,489
2023-12-31,Labor,295,269
2023-12-31,Rent,295,302
2023-12-31,Utilities,266,268
2023-12-31,Marketing,174,166
